gender,Age,quantity,payment_method,w,Arrival_Time,Start_Time,Finish_Time,Wait_Time,Queue_Length,Counter_Number,Day
Female,25,12,Cash,2021-01-01,11:01:00,11:01:00,11:08:00,0 days 00:00:00,0,1,Friday
Male,26,26,Cash,2021-01-01,11:02:00,11:02:00,11:11:00,0 days 00:00:00,0,2,Friday
Female,23,24,Cash,2021-01-01,11:04:00,11:04:00,11:10:00,0 days 00:00:00,0,3,Friday
Female,53,13,Cash,2021-01-01,11:06:00,11:08:00,11:15:00,0 days 00:02:00,1,1,Friday
Female,64,20,Cash,2021-01-01,11:08:00,11:10:20,11:20:00,0 days 00:02:00,1,3,Friday
Male,59,23,Credit Card,2021-01-01,11:08:00,11:11:00,11:18:00,0 days 00:04:00,1,2,Friday
Female,16,14,Credit Card,2021-01-01,11:08:00,11:15:00,11:20:00,0 days 00:07:00,2,1,Friday
Male,33,17,Cash,2021-01-01,11:11:00,11:20:00,11:28:00,0 days 00:08:00,2,2,Friday
Female,51,25,Debit Card,2021-01-01,11:11:00,11:20:00,11:28:00,0 days 00:09:00,2,1,Friday
Female,31,30,Debit Card,2021-01-01,11:14:00,11:20:00,11:27:00,0 days 00:06:00,1,3,Friday
Male,56,12,Cash,2021-01-01,11:19:00,11:27:00,11:34:00,0 days 00:08:00,2,3,Friday
Female,24,20,Credit Card,2021-01-01,11:19:00,11:28:00,11:33:00,0 days 00:09:00,1,2,Friday
Female,43,23,Credit Card,2021-01-01,11:19:00,11:28:00,11:35:00,0 days 00:09:00,2,1,Friday
Female,48,29,Credit Card,2021-01-01,11:20:00,11:33:00,11:40:00,0 days 00:13:00,2,2,Friday
Male,44,20,Credit Card,2021-01-01,11:21:00,11:34:00,11:39:00,0 days 00:13:00,2,3,Friday
Female,51,10,Cash,2021-01-01,11:22:00,11:35:00,11:38:00,0 days 00:13:00,2,1,Friday
Female,26,29,Debit Card,2021-01-01,11:23:00,11:38:00,11:39:00,0 days 00:15:00,3,1,Friday
Male,65,12,Credit Card,2021-01-01,11:23:00,11:39:00,11:39:00,0 days 00:16:00,3,3,Friday
Female,50,13,Cash,2021-01-01,11:26:00,11:40:00,11:44:00,0 days 00:14:00,3,2,Friday
Male,60,25,Credit Card,2021-01-01,11:26:00,11:39:00,11:46:00,0 days 00:13:00,4,1,Friday
Female,31,29,Debit Card,2021-01-01,11:29:00,11:39:00,11:47:00,0 days 00:10:00,3,3,Friday
Female,31,19,Debit Card,2021-01-01,11:32:00,11:44:00,11:49:00,0 days 00:12:00,3,2,Friday
Female,30,10,Credit Card,2021-01-01,11:33:00,11:46:00,11:50:00,0 days 00:13:00,4,1,Friday
Female,34,12,Debit Card,2021-01-01,11:33:00,11:47:00,11:51:00,0 days 00:13:00,4,3,Friday
Female,24,23,Cash,2021-01-01,11:34:00,11:49:00,11:54:00,0 days 00:15:00,3,2,Friday
Male,19,11,Cash,2021-01-01,11:34:00,11:50:00,11:53:00,0 days 00:16:00,5,1,Friday
Female,43,29,Cash,2021-01-01,11:38:00,11:51:00,11:57:00,0 days 00:13:00,4,3,Friday
Male,62,13,Cash,2021-01-01,11:40:00,11:53:00,11:58:00,0 days 00:13:00,3,1,Friday
Male,55,14,Debit Card,2021-01-01,11:40:00,11:54:00,12:00:00,0 days 00:14:00,3,2,Friday
Female,33,12,Credit Card,2021-01-01,11:40:00,11:57:00,12:05:00,0 days 00:17:00,3,3,Friday
Female,28,29,Cash,2021-01-01,11:41:00,11:58:00,12:07:00,0 days 00:17:00,4,1,Friday
Female,26,11,Cash,2021-01-01,11:41:00,12:00:00,12:05:00,0 days 00:19:00,4,2,Friday
Male,25,25,Cash,2021-01-01,11:44:00,12:05:00,12:11:00,0 days 00:19:00,4,3,Friday
Female,29,21,Cash,2021-01-01,11:44:00,12:05:00,12:10:00,0 days 00:19:00,5,2,Friday
Female,18,19,Cash,2021-01-01,11:48:00,12:07:00,12:12:00,0 days 00:19:00,4,1,Friday
Male,62,29,Cash,2021-01-01,11:49:00,12:10:00,12:18:00,0 days 00:21:00,5,2,Friday
Female,17,13,Credit Card,2021-01-01,11:49:00,12:11:00,12:16:00,0 days 00:22:00,4,3,Friday
Female,15,18,Credit Card,2021-01-01,11:50:00,12:12:00,12:17:00,0 days 00:22:00,5,1,Friday
Female,16,16,Cash,2021-01-01,11:51:00,12:16:00,12:21:00,0 days 00:25:00,5,3,Friday
Female,41,28,Debit Card,2021-01-01,11:51:00,12:17:00,12:23:00,0 days 00:26:00,5,1,Friday
Male,38,15,Debit Card,2021-01-01,11:51:00,12:18:00,12:23:00,0 days 00:27:00,5,2,Friday
Male,17,20,Cash,2021-01-01,11:52:00,12:21:00,12:26:00,0 days 00:29:00,5,3,Friday
Male,22,30,Debit Card,2021-01-01,11:53:00,12:23:00,12:30:00,0 days 00:30:00,6,1,Friday
Male,49,10,Cash,2021-01-01,11:55:00,12:23:00,12:27:00,0 days 00:28:00,5,2,Friday
Female,17,24,Credit Card,2021-01-01,11:56:00,12:26:00,12:32:00,0 days 00:30:00,6,3,Friday
Male,54,29,Debit Card,2021-01-01,11:56:00,12:27:00,12:33:00,0 days 00:31:00,6,2,Friday
Male,47,19,Credit Card,2021-01-01,12:00:00,12:30:00,12:35:00,0 days 00:30:00,5,1,Friday
Female,42,18,Cash,2021-01-01,12:01:00,12:32:00,12:37:00,0 days 00:31:00,6,3,Friday
Male,63,12,Credit Card,2021-01-01,12:03:00,12:33:00,12:38:00,0 days 00:30:00,6,2,Friday
Female,31,30,Cash,2021-01-01,12:05:00,12:35:00,12:42:00,0 days 00:30:00,6,1,Friday
Male,26,24,Cash,2021-01-01,12:06:00,12:37:00,12:42:00,0 days 00:31:00,6,3,Friday
Female,48,24,Cash,2021-01-01,12:06:00,12:38:00,12:43:00,0 days 00:32:00,6,2,Friday
Male,27,25,Cash,2021-01-01,12:08:00,12:42:00,12:48:00,0 days 00:34:00,6,1,Friday
Female,65,11,Credit Card,2021-01-01,12:09:00,12:42:00,12:47:00,0 days 00:33:00,7,3,Friday
Male,27,16,Credit Card,2021-01-01,12:09:00,12:43:00,12:47:00,0 days 00:34:00,7,2,Friday
Male,47,21,Credit Card,2021-01-01,12:10:00,12:47:00,12:52:00,0 days 00:37:00,8,2,Friday
Male,37,14,Cash,2021-01-01,12:11:00,12:47:00,12:53:00,0 days 00:36:00,8,3,Friday
Female,29,28,Credit Card,2021-01-01,12:15:00,12:48:00,12:55:00,0 days 00:33:00,6,1,Friday
Female,30,28,Cash,2021-01-01,12:16:00,12:52:00,13:01:00,0 days 00:32:00,8,2,Friday
Female,56,20,Cash,2021-01-01,12:20:00,12:53:00,12:59:00,0 days 00:33:00,7,3,Friday
Female,38,17,Cash,2021-01-01,12:20:00,12:55:00,13:00:00,0 days 00:35:00,6,1,Friday
Male,58,26,Credit Card,2021-01-01,12:21:00,12:59:00,13:06:00,0 days 00:38:00,8,3,Friday
Female,52,24,Debit Card,2021-01-01,12:22:00,13:00:00,13:05:00,0 days 00:38:00,8,1,Friday
Male,50,26,Credit Card,2021-01-01,12:23:00,13:01:00,13:07:00,0 days 00:38:00,8,2,Friday
Male,13,25,Credit Card,2021-01-01,12:28:00,13:05:00,13:10:00,0 days 00:37:00,7,1,Friday
Male,24,16,Credit Card,2021-01-01,12:28:00,13:06:00,13:10:00,0 days 00:38:00,7,3,Friday
Female,55,10,Cash,2021-01-01,12:28:00,13:07:00,13:11:00,0 days 00:39:00,7,2,Friday
Male,43,12,Credit Card,2021-01-01,12:30:00,13:10:00,13:14:00,0 days 00:40:00,8,1,Friday
Male,23,22,Cash,2021-01-01,12:35:00,13:10:00,13:16:00,0 days 00:35:00,7,3,Friday
Female,14,21,Debit Card,2021-01-01,12:40:00,13:11:00,13:16:00,0 days 00:31:00,6,2,Friday
Female,18,13,Cash,2021-01-01,12:42:00,13:14:00,13:19:00,0 days 00:32:00,7,1,Friday
Female,62,16,Cash,2021-01-01,12:45:00,13:16:00,13:21:00,0 days 00:31:00,6,3,Friday
Female,46,13,Credit Card,2021-01-01,12:46:00,13:16:00,13:20:00,0 days 00:30:00,5,2,Friday
Male,34,25,Cash,2021-01-01,12:48:00,13:19:00,13:26:00,0 days 00:31:00,7,1,Friday
Male,15,22,Cash,2021-01-01,12:58:00,13:20:00,13:27:00,0 days 00:22:00,5,2,Friday
Male,65,21,Credit Card,2021-01-01,13:00:00,13:21:00,13:27:00,0 days 00:21:00,4,3,Friday
Female,65,23,Cash,2021-01-01,13:05:00,13:26:00,13:33:00,0 days 00:21:00,5,1,Friday
Male,62,29,Debit Card,2021-01-01,13:07:00,13:27:00,13:35:00,0 days 00:20:00,5,2,Friday
Female,62,27,Credit Card,2021-01-01,13:10:00,13:27:00,13:35:00,0 days 00:17:00,4,3,Friday
Female,27,27,Cash,2021-01-01,16:06:00,16:06:00,16:13:00,0 days 00:00:00,0,1,Friday
Female,42,13,Cash,2021-01-01,16:07:00,16:07:00,16:12:00,0 days 00:00:00,0,2,Friday
Male,37,16,Credit Card,2021-01-01,16:19:00,16:19:00,16:24:00,0 days 00:00:00,0,3,Friday
Male,65,30,Credit Card,2021-01-01,16:23:00,16:23:00,16:29:00,0 days 00:00:00,0,1,Friday
Female,64,15,Credit Card,2021-01-01,16:26:00,16:26:00,16:31:00,0 days 00:00:00,0,2,Friday
Female,43,17,Credit Card,2021-01-01,16:26:00,16:26:00,16:30:00,0 days 00:00:00,0,3,Friday
Female,22,13,Cash,2021-01-01,16:29:00,16:29:00,16:33:00,0 days 00:00:00,0,1,Friday
Male,20,25,Credit Card,2021-01-01,16:30:00,16:30:00,16:35:00,0 days 00:00:00,0,3,Friday
Female,47,29,Cash,2021-01-01,16:30:00,16:31:00,16:37:00,0 days 00:01:00,1,2,Friday
Male,19,27,Credit Card,2021-01-01,16:40:00,16:40:00,16:45:00,0 days 00:00:00,0,1,Friday
Female,33,29,Cash,2021-01-01,16:56:00,16:56:00,17:04:00,0 days 00:00:00,0,2,Friday
Male,65,20,Credit Card,2021-01-01,17:08:00,17:08:00,17:13:00,0 days 00:00:00,0,1,Friday
Female,40,21,Cash,2021-01-01,17:16:00,17:16:00,17:21:00,0 days 00:00:00,0,1,Friday
Female,23,20,Cash,2021-01-01,18:08:00,18:08:00,18:14:00,0 days 00:00:00,0,1,Friday
Female,18,26,Credit Card,2021-01-01,18:10:00,18:10:00,18:16:00,0 days 00:00:00,0,2,Friday
Female,29,24,Credit Card,2021-01-01,18:13:00,18:13:00,18:18:00,0 days 00:00:00,0,3,Friday
Female,45,11,Cash,2021-01-01,18:20:00,18:20:00,18:24:00,0 days 00:00:00,0,1,Friday
Female,42,12,Cash,2021-01-01,18:29:00,18:29:00,18:33:00,0 days 00:00:00,0,1,Friday
Female,14,22,Credit Card,2021-01-01,18:33:00,18:33:00,18:38:00,0 days 00:00:00,0,2,Friday
Male,20,30,Credit Card,2021-01-01,18:36:00,18:36:00,18:43:00,0 days 00:00:00,0,1,Friday
Male,38,19,Cash,2021-01-01,19:00:00,19:00:00,19:05:00,0 days 00:00:00,0,1,Friday
Male,32,25,Credit Card,2021-01-01,19:54:00,19:54:00,20:00:00,0 days 00:00:00,0,1,Friday
Female,43,22,Cash,2021-01-01,19:54:00,19:54:00,20:00:00,0 days 00:00:00,0,2,Friday
Male,37,24,Debit Card,2021-01-01,19:57:00,19:57:00,20:03:00,0 days 00:00:00,0,3,Friday
Female,33,11,Cash,2021-01-01,19:57:00,20:00:00,20:04:00,0 days 00:03:00,1,1,Friday
Female,38,20,Cash,2021-01-01,19:57:00,20:00:00,20:06:00,0 days 00:03:00,1,2,Friday
Female,13,15,Cash,2021-01-02,11:02:00,11:02:00,11:09:00,0 days 00:00:00,0,1,Saturday
Female,40,30,Credit Card,2021-01-02,11:08:00,11:08:00,11:22:00,0 days 00:00:00,0,2,Saturday
Male,54,10,Cash,2021-01-02,11:11:00,11:11:00,11:18:00,0 days 00:00:00,0,3,Saturday
Male,25,24,Credit Card,2021-01-02,11:11:00,11:12:00,11:19:00,0 days 00:00:00,0,1,Saturday
Female,50,19,Credit Card,2021-01-02,11:14:00,11:18:00,11:28:00,0 days 00:04:00,1,3,Saturday
Female,27,27,Credit Card,2021-01-02,11:19:00,11:19:00,11:26:00,0 days 00:00:00,0,1,Saturday
Female,32,10,Credit Card,2021-01-02,11:19:00,11:22:00,11:26:00,0 days 00:03:00,1,2,Saturday
Male,52,23,Cash,2021-01-02,11:19:00,11:26:00,11:37:00,0 days 00:07:00,1,1,Saturday
Male,44,17,Cash,2021-01-02,11:20:00,11:26:00,11:33:00,0 days 00:06:00,2,2,Saturday
Male,29,18,Cash,2021-01-02,11:22:00,11:28:00,11:34:00,0 days 00:06:00,1,3,Saturday
Female,44,11,Cash,2021-01-02,11:22:00,11:33:00,11:39:00,0 days 00:11:00,2,2,Saturday
Male,38,27,Debit Card,2021-01-02,11:23:00,11:34:00,11:43:00,0 days 00:11:00,2,3,Saturday
Male,52,19,Cash,2021-01-02,11:23:00,11:37:00,11:47:00,0 days 00:14:00,1,1,Saturday
Female,44,28,Cash,2021-01-02,11:26:00,11:39:00,11:50:00,0 days 00:13:00,3,2,Saturday
Female,58,11,Credit Card,2021-01-02,11:26:00,11:43:00,11:49:00,0 days 00:17:00,3,3,Saturday
Female,55,22,Debit Card,2021-01-02,11:29:00,11:47:00,11:57:00,0 days 00:18:00,2,1,Saturday
Female,65,21,Credit Card,2021-01-02,11:32:00,11:49:00,11:59:00,0 days 00:17:00,3,3,Saturday
Male,32,14,Debit Card,2021-01-02,12:36:00,12:36:00,12:40:00,0 days 00:00:00,0,1,Saturday
Female,13,15,Cash,2021-01-02,12:37:00,12:37:00,12:42:00,0 days 00:00:00,0,2,Saturday
Female,27,18,Credit Card,2021-01-02,12:38:00,12:38:00,12:44:00,0 days 00:00:00,0,3,Saturday
Female,65,17,Debit Card,2021-01-02,12:42:00,12:42:00,12:52:00,0 days 00:00:00,0,1,Saturday
Female,23,30,Cash,2021-01-02,12:42:00,12:42:00,12:51:00,0 days 00:00:00,0,2,Saturday
Female,29,22,Cash,2021-01-02,12:42:00,12:44:00,12:52:00,0 days 00:02:00,1,3,Saturday
Female,49,21,Credit Card,2021-01-02,12:43:00,12:51:00,12:59:00,0 days 00:08:00,1,2,Saturday
Female,27,28,Cash,2021-01-02,12:44:00,12:52:00,12:58:00,0 days 00:08:00,1,1,Saturday
Male,28,22,Debit Card,2021-01-02,12:44:00,12:52:00,12:59:00,0 days 00:08:00,1,3,Saturday
Male,48,26,Cash,2021-01-02,12:45:00,12:58:00,13:10:00,0 days 00:13:00,2,1,Saturday
Female,17,22,Cash,2021-01-02,12:45:00,12:59:00,13:06:00,0 days 00:14:00,2,2,Saturday
Female,25,11,Credit Card,2021-01-02,12:47:00,12:59:00,13:03:00,0 days 00:12:00,2,3,Saturday
Male,42,12,Credit Card,2021-01-02,12:50:00,13:03:00,13:08:00,0 days 00:13:00,3,3,Saturday
Female,44,15,Cash,2021-01-02,12:50:00,13:06:00,13:12:00,0 days 00:16:00,3,2,Saturday
Female,41,15,Credit Card,2021-01-02,12:52:00,13:08:00,13:13:00,0 days 00:16:00,4,3,Saturday
Male,55,21,Debit Card,2021-01-02,12:54:00,13:10:00,13:19:00,0 days 00:16:00,2,1,Saturday
Female,28,13,Credit Card,2021-01-02,12:56:00,13:12:00,13:15:00,0 days 00:16:00,3,2,Saturday
Female,15,26,Cash,2021-01-02,12:59:00,13:13:00,13:20:00,0 days 00:14:00,4,3,Saturday
Female,25,30,Cash,2021-01-02,12:59:00,13:15:00,13:23:00,0 days 00:16:00,4,2,Saturday
Male,56,12,Credit Card,2021-01-02,16:00:00,16:00:00,16:05:00,0 days 00:00:00,0,1,Saturday
Female,27,14,Credit Card,2021-01-02,16:04:00,16:04:00,16:09:00,0 days 00:00:00,0,2,Saturday
Female,29,22,Credit Card,2021-01-02,16:06:00,16:06:00,16:12:00,0 days 00:00:00,0,1,Saturday
Male,28,28,Debit Card,2021-01-02,16:07:00,16:07:00,16:12:00,0 days 00:00:00,0,3,Saturday
Female,55,27,Credit Card,2021-01-02,16:19:00,16:19:00,16:30:00,0 days 00:00:00,0,1,Saturday
Female,51,19,Cash,2021-01-02,16:23:00,16:23:00,16:32:00,0 days 00:00:00,0,2,Saturday
Female,56,26,Cash,2021-01-02,16:26:00,16:26:00,16:32:00,0 days 00:00:00,0,3,Saturday
Female,53,23,Credit Card,2021-01-02,16:26:00,16:30:00,16:39:00,0 days 00:04:00,1,1,Saturday
Female,36,30,Cash,2021-01-02,16:29:00,16:32:00,16:41:00,0 days 00:03:00,1,2,Saturday
Male,31,12,Credit Card,2021-01-02,16:30:00,16:32:00,16:37:00,0 days 00:02:00,1,3,Saturday
Female,20,11,Debit Card,2021-01-02,16:30:00,16:37:00,16:41:00,0 days 00:07:00,2,3,Saturday
Male,34,27,Cash,2021-01-02,16:40:00,16:40:00,16:50:00,0 days 00:00:00,0,1,Saturday
Female,46,15,Cash,2021-01-02,16:56:00,16:56:00,17:02:00,0 days 00:00:00,0,1,Saturday
Female,44,30,Credit Card,2021-01-02,17:08:00,17:08:00,17:18:00,0 days 00:00:00,0,1,Saturday
Male,55,10,Cash,2021-01-02,17:16:00,17:16:00,17:22:00,0 days 00:00:00,0,2,Saturday
Female,57,11,Cash,2021-01-02,17:21:00,17:21:00,17:26:00,0 days 00:00:00,0,1,Saturday
Female,35,25,Debit Card,2021-01-02,17:42:00,17:42:00,17:49:00,0 days 00:00:00,0,1,Saturday
Male,58,15,Credit Card,2021-01-02,17:48:00,17:48:00,17:54:00,0 days 00:00:00,0,2,Saturday
Male,23,18,Debit Card,2021-01-02,17:48:00,17:48:00,17:55:00,0 days 00:00:00,0,3,Saturday
Female,28,17,Credit Card,2021-01-02,17:51:00,17:51:00,17:55:00,0 days 00:00:00,0,1,Saturday
Male,19,10,Debit Card,2021-01-02,17:52:00,17:54:00,17:57:00,0 days 00:02:00,1,2,Saturday
Male,57,16,Cash,2021-01-02,17:57:00,17:57:00,18:05:00,0 days 00:00:00,0,1,Saturday
Female,18,30,Credit Card,2021-01-02,18:49:00,18:49:00,18:57:00,0 days 00:00:00,0,1,Saturday
Female,37,22,Debit Card,2021-01-02,18:50:00,18:50:00,18:56:00,0 days 00:00:00,0,2,Saturday
Male,38,30,Cash,2021-01-02,18:54:00,18:54:00,19:02:00,0 days 00:00:00,0,3,Saturday
Female,55,20,Debit Card,2021-01-02,18:55:00,18:56:00,19:04:00,0 days 00:01:00,1,2,Saturday
Female,55,18,Debit Card,2021-01-02,18:58:00,18:58:00,19:05:00,0 days 00:00:00,0,1,Saturday
Male,52,10,Debit Card,2021-01-02,19:00:00,19:02:00,19:06:00,0 days 00:02:00,1,3,Saturday
Female,13,24,Cash,2021-01-02,19:02:00,19:04:00,19:11:00,0 days 00:02:00,1,2,Saturday
Male,15,24,Cash,2021-01-02,19:06:00,19:06:00,19:13:00,0 days 00:00:00,0,1,Saturday
Female,18,12,Cash,2021-01-02,19:07:00,19:07:00,19:11:00,0 days 00:00:00,0,3,Saturday
Female,54,20,Cash,2021-01-02,19:09:00,19:11:00,19:17:00,0 days 00:02:00,1,2,Saturday
Male,41,13,Credit Card,2021-01-02,19:09:00,19:11:00,19:17:00,0 days 00:02:00,1,3,Saturday
Female,30,29,Credit Card,2021-01-02,19:14:00,19:14:00,19:21:00,0 days 00:00:00,0,1,Saturday
Female,15,25,Cash,2021-01-02,19:16:00,19:17:00,19:24:00,0 days 00:01:00,1,2,Saturday
Female,56,13,Debit Card,2021-01-02,19:17:00,19:17:00,19:23:00,0 days 00:00:00,0,3,Saturday
Male,38,25,Cash,2021-01-02,19:19:00,19:21:00,19:28:00,0 days 00:02:00,1,1,Saturday
Female,14,25,Cash,2021-01-02,19:20:00,19:23:00,19:31:00,0 days 00:03:00,1,3,Saturday
Male,13,14,Credit Card,2021-01-02,19:20:00,19:24:00,19:28:00,0 days 00:04:00,1,2,Saturday
Male,42,13,Cash,2021-01-02,19:26:00,19:28:00,19:33:00,0 days 00:02:00,1,1,Saturday
Female,30,22,Cash,2021-01-02,19:32:00,19:32:00,19:38:00,0 days 00:00:00,0,2,Saturday
Male,34,17,Credit Card,2021-01-02,19:36:00,19:36:00,19:41:00,0 days 00:00:00,0,1,Saturday
Female,22,19,Credit Card,2021-01-02,19:36:00,19:36:00,19:40:00,0 days 00:00:00,0,3,Saturday
Male,26,23,Debit Card,2021-01-02,19:41:00,19:41:00,19:47:00,0 days 00:00:00,0,2,Saturday
Female,57,18,Credit Card,2021-01-02,19:41:00,19:41:00,19:47:00,0 days 00:00:00,0,1,Saturday
Male,24,17,Cash,2021-01-02,19:43:00,19:43:00,19:49:00,0 days 00:00:00,0,3,Saturday
Female,18,18,Debit Card,2021-01-02,19:45:00,19:47:00,19:52:00,0 days 00:02:00,1,1,Saturday
Female,22,21,Debit Card,2021-01-02,19:49:00,19:49:00,19:55:00,0 days 00:00:00,0,2,Saturday
Female,23,18,Credit Card,2021-01-02,19:50:00,19:50:00,19:54:00,0 days 00:00:00,0,3,Saturday
Female,32,18,Cash,2021-01-02,19:50:00,19:52:00,19:58:00,0 days 00:02:00,1,1,Saturday
Female,47,11,Cash,2021-01-02,19:52:00,19:54:00,19:59:00,0 days 00:02:00,1,3,Saturday
Female,45,15,Debit Card,2021-01-02,19:52:00,19:55:00,20:00:00,0 days 00:03:00,1,2,Saturday
Male,27,26,Cash,2021-01-02,19:54:00,19:58:00,20:05:00,0 days 00:06:00,1,1,Saturday
Female,52,13,Credit Card,2021-01-02,19:57:00,19:59:00,20:04:00,0 days 00:02:00,1,3,Saturday
Male,47,17,Credit Card,2021-01-02,20:00:00,20:00:00,20:06:00,0 days 00:00:00,0,2,Saturday
Male,35,16,Debit Card,2021-01-02,20:10:00,20:10:00,20:15:00,0 days 00:00:00,0,1,Saturday
Male,64,25,Cash,2021-01-02,20:11:00,20:11:00,20:19:00,0 days 00:00:00,0,2,Saturday
Female,27,10,Debit Card,2021-01-02,20:12:00,20:12:00,20:16:00,0 days 00:00:00,0,3,Saturday
Female,23,12,Credit Card,2021-01-02,20:13:00,20:15:00,20:19:00,0 days 00:02:00,1,1,Saturday
Female,29,19,Cash,2021-01-02,20:15:00,20:16:00,20:22:00,0 days 00:01:00,1,3,Saturday
Female,36,28,Cash,2021-01-02,20:23:00,20:23:00,20:30:00,0 days 00:00:00,0,1,Saturday
Male,34,16,Cash,2021-01-02,20:23:00,20:23:00,20:28:00,0 days 00:00:00,0,2,Saturday
Male,52,16,Cash,2021-01-02,20:23:00,20:23:00,20:29:00,0 days 00:00:00,0,3,Saturday
Male,54,16,Debit Card,2021-01-02,20:25:00,20:28:00,20:33:00,0 days 00:03:00,1,2,Saturday
Female,16,13,Credit Card,2021-01-02,20:30:00,20:30:00,20:34:00,0 days 00:00:00,0,1,Saturday
Female,39,17,Cash,2021-01-02,20:30:00,20:30:00,20:35:00,0 days 00:00:00,0,3,Saturday
Female,59,19,Credit Card,2021-01-02,20:32:00,20:33:00,20:39:00,0 days 00:01:00,1,2,Saturday
Female,59,18,Cash,2021-01-02,20:35:00,20:35:00,20:41:00,0 days 00:00:00,0,1,Saturday
Female,29,26,Cash,2021-01-02,20:35:00,20:35:00,20:42:00,0 days 00:00:00,0,3,Saturday
Female,25,15,Credit Card,2021-01-03,11:04:00,11:04:00,11:09:00,0 days 00:00:00,0,1,Sunday
Male,45,26,Cash,2021-01-03,11:04:00,11:04:00,11:12:00,0 days 00:00:00,0,2,Sunday
Female,45,21,Credit Card,2021-01-03,11:05:00,11:05:00,11:12:00,0 days 00:00:00,0,3,Sunday
Female,22,20,Cash,2021-01-03,11:06:00,11:09:00,11:16:00,0 days 00:03:00,1,1,Sunday
Female,29,25,Credit Card,2021-01-03,11:08:00,11:12:00,11:18:00,0 days 00:04:00,1,2,Sunday
Female,53,11,Debit Card,2021-01-03,11:08:00,11:12:00,11:17:00,0 days 00:04:00,1,3,Sunday
Female,43,10,Cash,2021-01-03,11:08:00,11:16:00,11:20:00,0 days 00:08:00,2,1,Sunday
Male,24,24,Credit Card,2021-01-03,11:11:00,11:17:00,11:24:00,0 days 00:06:00,2,3,Sunday
Female,22,21,Debit Card,2021-01-03,11:11:00,11:18:00,11:24:00,0 days 00:07:00,2,2,Sunday
Male,43,25,Credit Card,2021-01-03,11:14:00,11:20:00,11:26:00,0 days 00:06:00,2,1,Sunday
Female,40,27,Debit Card,2021-01-03,11:19:00,11:24:00,11:32:00,0 days 00:05:00,1,2,Sunday
Female,27,20,Credit Card,2021-01-03,11:19:00,11:24:00,11:31:00,0 days 00:05:00,1,3,Sunday
Female,23,15,Cash,2021-01-03,11:19:00,11:26:00,11:31:00,0 days 00:07:00,2,1,Sunday
Female,45,11,Credit Card,2021-01-03,11:20:00,11:31:00,11:35:00,0 days 00:11:00,2,3,Sunday
Male,25,28,Cash,2021-01-03,11:22:00,11:31:00,11:39:00,0 days 00:09:00,2,1,Sunday
Male,60,18,Debit Card,2021-01-03,11:22:00,11:32:00,11:38:00,0 days 00:10:00,2,2,Sunday
Female,19,25,Cash,2021-01-03,11:23:00,11:35:00,11:42:00,0 days 00:12:00,3,3,Sunday
Female,47,11,Cash,2021-01-03,11:23:00,11:38:00,11:42:00,0 days 00:15:00,3,2,Sunday
Female,57,28,Debit Card,2021-01-03,11:26:00,11:39:00,11:46:00,0 days 00:20:00,3,1,Sunday
Male,63,17,Cash,2021-01-03,11:26:00,11:42:00,11:47:00,0 days 00:16:00,3,2,Sunday
Female,61,11,Cash,2021-01-03,11:29:00,11:42:00,11:48:00,0 days 00:13:00,3,3,Sunday
Female,17,15,Cash,2021-01-03,11:32:00,11:46:00,11:51:00,0 days 00:14:00,2,1,Sunday
Male,28,23,Cash,2021-01-03,12:36:00,12:36:00,12:40:00,0 days 00:00:00,0,1,Sunday
Male,44,12,Credit Card,2021-01-03,12:37:00,12:37:00,12:41:00,0 days 00:00:00,0,2,Sunday
Male,17,10,Cash,2021-01-03,12:38:00,12:38:00,12:42:00,0 days 00:00:00,0,3,Sunday
Female,57,21,Credit Card,2021-01-03,12:42:00,12:42:00,12:47:00,0 days 00:00:00,0,1,Sunday
Female,48,11,Debit Card,2021-01-03,12:42:00,12:42:00,12:46:00,0 days 00:00:00,0,2,Sunday
Female,27,16,Credit Card,2021-01-03,12:42:00,12:42:00,12:48:00,0 days 00:00:00,0,3,Sunday
Female,37,25,Cash,2021-01-03,12:43:00,12:46:00,12:53:00,0 days 00:03:00,1,2,Sunday
Female,26,15,Cash,2021-01-03,12:44:00,12:47:00,12:52:00,0 days 00:03:00,1,1,Sunday
Female,58,17,Cash,2021-01-03,12:44:00,12:48:00,12:54:00,0 days 00:04:00,1,3,Sunday
Female,36,15,Cash,2021-01-03,12:45:00,12:52:00,12:57:00,0 days 00:07:00,2,1,Sunday
Male,58,30,Credit Card,2021-01-03,12:45:00,12:53:00,13:01:00,0 days 00:08:00,2,2,Sunday
Male,23,17,Debit Card,2021-01-03,12:47:00,12:54:00,12:59:00,0 days 00:07:00,2,3,Sunday
Female,15,18,Cash,2021-01-03,12:50:00,12:57:00,13:01:00,0 days 00:07:00,2,1,Sunday
Female,26,12,Credit Card,2021-01-03,12:50:00,12:59:00,13:03:00,0 days 00:09:00,2,3,Sunday
Female,65,15,Credit Card,2021-01-03,12:52:00,13:01:00,13:06:00,0 days 00:09:00,3,1,Sunday
Male,29,30,Debit Card,2021-01-03,12:54:00,13:01:00,13:10:00,0 days 00:07:00,1,2,Sunday
Female,59,25,Credit Card,2021-01-03,16:00:00,16:00:00,16:05:00,0 days 00:00:00,0,1,Sunday
Male,42,25,Credit Card,2021-01-03,16:04:00,16:04:00,16:09:00,0 days 00:00:00,0,2,Sunday
Male,44,22,Credit Card,2021-01-03,16:06:00,16:06:00,16:11:00,0 days 00:00:00,0,1,Sunday
Male,37,15,Credit Card,2021-01-03,16:07:00,16:07:00,16:11:00,0 days 00:00:00,0,3,Sunday
Male,43,10,Credit Card,2021-01-03,16:19:00,16:19:00,16:23:00,0 days 00:00:00,0,1,Sunday
Female,29,24,Cash,2021-01-03,16:23:00,16:23:00,16:28:00,0 days 00:00:00,0,1,Sunday
Female,32,23,Cash,2021-01-03,16:26:00,16:26:00,16:31:00,0 days 00:00:00,0,2,Sunday
Female,37,17,Cash,2021-01-03,16:26:00,16:26:00,16:30:00,0 days 00:00:00,0,3,Sunday
Male,48,24,Debit Card,2021-01-03,16:29:00,16:29:00,16:34:00,0 days 00:00:00,0,1,Sunday
Male,60,18,Debit Card,2021-01-03,16:30:00,16:30:00,16:35:00,0 days 00:00:00,0,3,Sunday
Male,47,29,Cash,2021-01-03,16:30:00,16:31:00,16:37:00,0 days 00:01:00,1,2,Sunday
Female,65,30,Cash,2021-01-03,16:40:00,16:40:00,16:48:00,0 days 00:00:00,0,1,Sunday
Female,15,10,Cash,2021-01-03,16:56:00,16:56:00,17:00:00,0 days 00:00:00,0,1,Sunday
Female,52,13,Cash,2021-01-03,17:08:00,17:08:00,17:12:00,0 days 00:00:00,0,1,Sunday
Male,34,15,Cash,2021-01-03,17:16:00,17:16:00,17:20:00,0 days 00:00:00,0,1,Sunday
Female,33,10,Debit Card,2021-01-03,17:21:00,17:21:00,17:24:00,0 days 00:00:00,0,1,Sunday
Female,45,27,Credit Card,2021-01-03,17:42:00,17:42:00,17:47:00,0 days 00:00:00,0,1,Sunday
Female,50,20,Cash,2021-01-03,17:48:00,17:48:00,17:53:00,0 days 00:00:00,0,1,Sunday
Male,24,13,Credit Card,2021-01-03,17:48:00,17:48:00,17:52:00,0 days 00:00:00,0,2,Sunday
Female,32,18,Credit Card,2021-01-03,17:51:00,17:51:00,17:55:00,0 days 00:00:00,0,3,Sunday
Male,17,21,Cash,2021-01-03,17:52:00,17:52:00,17:57:00,0 days 00:00:00,0,2,Sunday
Male,61,21,Debit Card,2021-01-03,17:57:00,17:57:00,18:02:00,0 days 00:00:00,0,1,Sunday
Male,32,28,Cash,2021-01-03,18:49:00,18:49:00,18:55:00,0 days 00:00:00,0,1,Sunday
Male,65,19,Credit Card,2021-01-03,18:54:00,18:54:00,18:59:00,0 days 00:00:00,0,2,Sunday
Male,19,16,Cash,2021-01-03,18:55:00,18:55:00,18:59:00,0 days 00:00:00,0,1,Sunday
Female,49,19,Credit Card,2021-01-03,18:58:00,18:58:00,19:03:00,0 days 00:00:00,0,3,Sunday
Male,52,24,Credit Card,2021-01-03,19:00:00,19:00:00,19:05:00,0 days 00:00:00,0,1,Sunday
Female,58,26,Cash,2021-01-03,19:02:00,19:02:00,19:07:00,0 days 00:00:00,0,2,Sunday
Female,64,19,Credit Card,2021-01-03,19:06:00,19:06:00,19:11:00,0 days 00:00:00,0,1,Sunday
Male,16,18,Credit Card,2021-01-03,19:07:00,19:07:00,19:12:00,0 days 00:00:00,0,2,Sunday
Male,57,16,Cash,2021-01-03,19:09:00,19:09:00,19:13:00,0 days 00:00:00,0,3,Sunday
Male,56,14,Cash,2021-01-03,19:09:00,19:11:00,19:15:00,0 days 00:02:00,1,1,Sunday
Female,55,15,Credit Card,2021-01-03,19:14:00,19:14:00,19:18:00,0 days 00:00:00,0,2,Sunday
Female,15,15,Credit Card,2021-01-03,19:16:00,19:16:00,19:20:00,0 days 00:00:00,0,1,Sunday
Female,26,16,Credit Card,2021-01-03,19:17:00,19:17:00,19:21:00,0 days 00:00:00,0,3,Sunday
Female,60,29,Credit Card,2021-01-03,19:19:00,19:19:00,19:27:00,0 days 00:00:00,0,2,Sunday
Female,61,12,Cash,2021-01-03,19:20:00,19:20:00,19:24:00,0 days 00:00:00,0,1,Sunday
Female,27,20,Cash,2021-01-03,19:20:00,19:21:00,19:26:00,0 days 00:01:00,1,3,Sunday
Male,56,10,Cash,2021-01-03,19:26:00,19:26:00,19:30:00,0 days 00:00:00,0,1,Sunday
Female,39,30,Cash,2021-01-03,19:32:00,19:32:00,19:40:00,0 days 00:00:00,0,1,Sunday
Male,63,13,Credit Card,2021-01-03,19:36:00,19:36:00,19:40:00,0 days 00:00:00,0,2,Sunday
Female,24,16,Cash,2021-01-03,19:36:00,19:36:00,19:41:00,0 days 00:00:00,0,3,Sunday
Female,50,16,Cash,2021-01-03,19:41:00,19:41:00,19:46:00,0 days 00:00:00,0,1,Sunday
Male,36,26,Cash,2021-01-03,19:41:00,19:41:00,19:48:00,0 days 00:00:00,0,2,Sunday
Female,56,19,Cash,2021-01-03,19:43:00,19:43:00,19:48:00,0 days 00:00:00,0,3,Sunday
Male,33,28,Cash,2021-01-03,19:45:00,19:46:00,19:53:00,0 days 00:01:00,1,1,Sunday
Male,31,29,Cash,2021-01-03,19:49:00,19:49:00,19:57:00,0 days 00:00:00,0,2,Sunday
Male,29,20,Debit Card,2021-01-03,19:50:00,19:50:00,19:55:00,0 days 00:00:00,0,3,Sunday
Female,53,26,Debit Card,2021-01-03,19:50:00,19:53:00,20:00:00,0 days 00:03:00,1,1,Sunday
Male,61,27,Credit Card,2021-01-03,19:52:00,19:55:00,20:03:00,0 days 00:03:00,1,3,Sunday
Female,41,20,Cash,2021-01-03,19:52:00,19:57:00,20:03:00,0 days 00:05:00,1,2,Sunday
Female,21,22,Cash,2021-01-03,19:52:00,20:00:00,20:06:00,0 days 00:08:00,2,1,Sunday
Male,42,19,Cash,2021-01-03,19:52:00,20:03:00,20:08:00,0 days 00:11:00,2,2,Sunday
Male,58,17,Cash,2021-01-03,19:54:00,20:03:00,20:09:00,0 days 00:09:00,2,3,Sunday
Female,20,30,Credit Card,2021-01-03,19:57:00,20:06:00,20:14:00,0 days 00:09:00,2,1,Sunday
Female,31,23,Credit Card,2021-01-03,20:00:00,20:08:00,20:13:00,0 days 00:08:00,2,2,Sunday
Female,34,20,Credit Card,2021-01-03,20:10:00,20:10:00,20:15:00,0 days 00:00:00,0,3,Sunday
Female,26,30,Cash,2021-01-03,20:11:00,20:13:00,20:21:00,0 days 00:02:00,1,2,Sunday
Female,27,27,Debit Card,2021-01-03,20:12:00,20:14:00,20:21:00,0 days 00:02:00,1,1,Sunday
Female,65,18,Cash,2021-01-03,20:13:00,20:15:00,20:20:00,0 days 00:02:00,1,3,Sunday
Male,43,12,Cash,2021-01-03,20:15:00,20:20:00,20:24:00,0 days 00:05:00,2,3,Sunday
Female,17,18,Cash,2021-01-03,20:23:00,20:23:00,20:28:00,0 days 00:00:00,0,1,Sunday
Female,30,14,Cash,2021-01-03,20:23:00,20:23:00,20:27:00,0 days 00:00:00,0,2,Sunday
Female,30,10,Cash,2021-01-03,20:23:00,20:24:00,20:28:00,0 days 00:01:00,1,3,Sunday
Male,15,14,Cash,2021-01-03,20:25:00,20:27:00,20:31:00,0 days 00:02:00,1,2,Sunday
Female,23,29,Credit Card,2021-01-03,20:30:00,20:30:00,20:38:00,0 days 00:00:00,0,1,Sunday
Male,13,16,Credit Card,2021-01-03,20:30:00,20:30:00,20:35:00,0 days 00:00:00,0,3,Sunday
Male,43,16,Cash,2021-01-03,20:32:00,20:32:00,20:37:00,0 days 00:00:00,0,2,Sunday
Female,59,10,Cash,2021-01-03,20:35:00,20:35:00,20:39:00,0 days 00:00:00,0,3,Sunday
Female,45,14,Cash,2021-01-03,20:35:00,20:37:00,20:41:00,0 days 00:02:00,1,2,Sunday
Female,63,28,Credit Card,2021-01-03,20:35:00,20:38:00,20:45:00,0 days 00:03:00,1,1,Sunday
Female,38,26,Cash,2021-01-03,20:35:00,20:39:00,20:46:00,0 days 00:04:00,2,3,Sunday
Female,46,30,Credit Card,2021-01-04,11:03:00,11:03:00,11:11:00,0 days 00:00:00,0,1,Monday
Female,29,26,Cash,2021-01-04,11:04:00,11:04:00,11:11:00,0 days 00:00:00,0,2,Monday
Female,15,14,Debit Card,2021-01-04,11:04:00,11:04:00,11:09:00,0 days 00:00:00,0,3,Monday
Female,21,13,Credit Card,2021-01-04,11:05:00,11:09:00,11:14:00,0 days 00:04:00,1,3,Monday
Male,27,27,Debit Card,2021-01-04,11:07:00,11:11:00,11:17:00,0 days 00:04:00,1,1,Monday
Male,61,28,Cash,2021-01-04,11:07:00,11:11:00,11:20:00,0 days 00:04:00,1,2,Monday
Male,46,28,Cash,2021-01-04,11:08:00,11:14:00,11:22:00,0 days 00:06:00,2,3,Monday
Female,52,28,Debit Card,2021-01-04,11:16:00,11:17:00,11:25:00,0 days 00:01:00,1,1,Monday
Male,21,19,Cash,2021-01-04,11:16:00,11:20:00,11:25:00,0 days 00:04:00,1,2,Monday
Female,50,20,Cash,2021-01-04,11:17:00,11:22:00,11:27:00,0 days 00:05:00,1,3,Monday
Male,24,24,Credit Card,2021-01-04,11:17:00,11:25:00,11:30:00,0 days 00:08:00,2,1,Monday
Male,25,12,Cash,2021-01-04,11:18:00,11:25:00,11:29:00,0 days 00:07:00,2,2,Monday
Male,14,24,Cash,2021-01-04,11:18:00,11:27:00,11:32:00,0 days 00:09:00,2,3,Monday
Male,41,25,Debit Card,2021-01-04,11:19:00,11:29:00,11:35:00,0 days 00:10:00,2,1,Monday
Female,33,22,Cash,2021-01-04,11:19:00,11:30:00,11:35:00,0 days 00:11:00,3,2,Monday
Female,33,15,Credit Card,2021-01-04,11:20:00,11:32:00,11:36:00,0 days 00:12:00,3,3,Monday
Male,32,22,Debit Card,2021-01-04,11:20:00,11:35:00,11:40:00,0 days 00:15:00,3,1,Monday
Female,16,21,Cash,2021-01-04,11:21:00,11:35:00,11:40:00,0 days 00:14:00,3,2,Monday
Female,48,27,Credit Card,2021-01-04,11:21:00,11:36:00,11:42:00,0 days 00:15:00,4,3,Monday
Female,23,21,Credit Card,2021-01-04,11:21:00,11:40:00,11:45:00,0 days 00:19:00,4,1,Monday
Male,54,30,Cash,2021-01-04,11:22:00,11:40:00,11:47:00,0 days 00:18:00,4,2,Monday
Female,52,16,Credit Card,2021-01-04,11:26:00,11:42:00,11:47:00,0 days 00:16:00,4,3,Monday
Male,45,28,Debit Card,2021-01-04,11:29:00,11:45:00,11:52:00,0 days 00:16:00,4,1,Monday
Female,52,23,Cash,2021-01-04,11:30:00,11:47:00,11:51:00,0 days 00:17:00,3,2,Monday
Female,27,20,Cash,2021-01-04,11:35:00,11:47:00,11:52:00,0 days 00:12:00,3,3,Monday
Male,28,22,Cash,2021-01-04,11:35:00,11:51:00,11:56:00,0 days 00:16:00,4,2,Monday
Female,21,26,Credit Card,2021-01-04,11:35:00,11:52:00,11:57:00,0 days 00:17:00,4,1,Monday
Female,43,18,Debit Card,2021-01-04,11:37:00,11:52:00,11:56:00,0 days 00:15:00,3,3,Monday
Male,37,24,Credit Card,2021-01-04,11:40:00,11:56:00,12:02:00,0 days 00:16:00,4,2,Monday
Female,60,17,Cash,2021-01-04,11:40:00,11:57:00,12:02:00,0 days 00:17:00,4,1,Monday
Male,63,12,Credit Card,2021-01-04,11:43:00,11:56:00,12:00:00,0 days 00:13:00,3,3,Monday
Male,52,22,Credit Card,2021-01-04,11:44:00,12:02:00,12:07:00,0 days 00:18:00,4,1,Monday
Male,21,12,Cash,2021-01-04,11:45:00,12:02:00,12:07:00,0 days 00:17:00,4,2,Monday
Female,40,18,Cash,2021-01-04,11:46:00,12:00:00,12:05:00,0 days 00:14:00,4,3,Monday
Male,41,10,Credit Card,2021-01-04,11:46:00,12:07:00,12:10:00,0 days 00:21:00,4,1,Monday
Male,29,21,Cash,2021-01-04,11:47:00,12:07:00,12:12:00,0 days 00:20:00,5,2,Monday
Male,36,15,Debit Card,2021-01-04,11:47:00,12:05:00,12:09:00,0 days 00:18:00,5,3,Monday
Female,50,16,Debit Card,2021-01-04,11:49:00,12:09:00,12:14:00,0 days 00:20:00,5,3,Monday
Female,47,21,Debit Card,2021-01-04,11:50:00,12:10:00,12:15:00,0 days 00:20:00,5,1,Monday
Female,61,18,Credit Card,2021-01-04,11:53:00,12:12:00,12:18:00,0 days 00:19:00,4,2,Monday
Female,36,11,Cash,2021-01-04,11:53:00,12:14:00,12:18:00,0 days 00:21:00,5,3,Monday
Female,44,16,Cash,2021-01-04,11:56:00,12:15:00,12:20:00,0 days 00:19:00,5,1,Monday
Male,31,14,Debit Card,2021-01-04,11:57:00,12:18:00,12:22:00,0 days 00:21:00,4,2,Monday
Male,45,24,Debit Card,2021-01-04,12:02:00,12:18:00,12:24:00,0 days 00:16:00,3,3,Monday
Female,35,16,Cash,2021-01-04,12:05:00,12:20:00,12:24:00,0 days 00:15:00,4,1,Monday
Male,27,10,Cash,2021-01-04,12:05:00,12:22:00,12:25:00,0 days 00:17:00,4,2,Monday
Female,56,26,Cash,2021-01-04,12:05:00,12:24:00,12:30:00,0 days 00:19:00,5,1,Monday
Male,39,25,Cash,2021-01-04,12:06:00,12:24:00,12:30:00,0 days 00:18:00,4,3,Monday
Male,18,16,Credit Card,2021-01-04,16:01:00,16:01:00,16:06:00,0 days 00:00:00,0,1,Monday
Female,44,27,Debit Card,2021-01-04,16:05:00,16:05:00,16:22:00,0 days 00:00:00,0,2,Monday
Male,46,28,Cash,2021-01-04,16:05:00,16:05:00,16:23:00,0 days 00:00:00,0,3,Monday
Female,36,17,Credit Card,2021-01-04,16:21:00,16:21:00,16:26:00,0 days 00:00:00,0,1,Monday
Female,55,23,Cash,2021-01-04,16:23:00,16:23:00,16:29:00,0 days 00:00:00,0,2,Monday
Female,63,26,Credit Card,2021-01-04,16:23:00,16:23:00,16:30:00,0 days 00:00:00,0,3,Monday
Male,58,23,Credit Card,2021-01-04,16:25:00,16:26:00,16:31:00,0 days 00:01:00,1,1,Monday
Male,18,29,Cash,2021-01-04,16:28:00,16:29:00,16:35:00,0 days 00:01:00,1,2,Monday
Female,18,10,Cash,2021-01-04,16:29:00,16:30:00,16:33:00,0 days 00:01:00,1,3,Monday
Male,60,19,Credit Card,2021-01-04,16:30:00,16:31:00,16:35:00,0 days 00:01:00,1,1,Monday
Female,46,30,Cash,2021-01-04,16:31:00,16:33:00,16:40:00,0 days 00:02:00,1,3,Monday
Male,58,17,Debit Card,2021-01-04,16:33:00,16:35:00,16:39:00,0 days 00:02:00,1,2,Monday
Female,18,12,Debit Card,2021-01-04,16:35:00,16:35:00,16:38:00,0 days 00:00:00,0,1,Monday
Male,22,21,Cash,2021-01-04,16:38:00,16:39:00,16:44:00,0 days 00:01:00,1,2,Monday
Female,44,13,Credit Card,2021-01-04,16:45:00,16:45:00,16:49:00,0 days 00:00:00,0,1,Monday
Male,18,24,Credit Card,2021-01-04,16:51:00,16:51:00,16:58:00,0 days 00:00:00,0,2,Monday
Female,58,24,Credit Card,2021-01-04,16:53:00,16:53:00,17:00:00,0 days 00:00:00,0,1,Monday
Male,65,11,Credit Card,2021-01-04,16:55:00,16:55:00,16:59:00,0 days 00:00:00,0,3,Monday
Female,34,12,Debit Card,2021-01-04,16:56:00,16:58:00,17:04:00,0 days 00:02:00,1,2,Monday
Male,50,20,Debit Card,2021-01-04,16:56:00,16:59:00,17:04:00,0 days 00:03:00,2,2,Monday
Male,37,16,Credit Card,2021-01-04,17:04:00,17:04:00,17:09:00,0 days 00:00:00,0,1,Monday
Male,51,28,Credit Card,2021-01-04,17:06:00,17:06:00,17:13:00,0 days 00:00:00,0,2,Monday
Female,58,18,Debit Card,2021-01-04,17:08:00,17:08:00,17:13:00,0 days 00:00:00,0,3,Monday
Female,36,22,Credit Card,2021-01-04,17:09:00,17:09:00,17:14:00,0 days 00:00:00,0,1,Monday
Female,20,20,Credit Card,2021-01-04,17:11:00,17:13:00,17:17:00,0 days 00:02:00,1,2,Monday
Male,18,24,Debit Card,2021-01-04,17:11:00,17:13:00,17:19:00,0 days 00:02:00,1,3,Monday
Female,25,11,Cash,2021-01-04,17:15:00,17:15:00,17:19:00,0 days 00:00:00,0,1,Monday
Male,13,23,Cash,2021-01-04,17:15:00,17:17:00,17:22:00,0 days 00:02:00,1,2,Monday
Male,33,27,Credit Card,2021-01-04,17:17:00,17:19:00,17:25:00,0 days 00:02:00,1,1,Monday
Male,63,22,Credit Card,2021-01-04,17:51:00,17:51:00,17:56:00,0 days 00:00:00,0,1,Monday
Male,41,29,Debit Card,2021-01-04,17:53:00,17:53:00,18:00:00,0 days 00:00:00,0,2,Monday
Female,25,17,Debit Card,2021-01-04,17:53:00,17:53:00,17:58:00,0 days 00:00:00,0,3,Monday
Male,40,20,Credit Card,2021-01-04,17:55:00,17:56:00,18:00:00,0 days 00:01:00,1,1,Monday
Female,22,24,Cash,2021-01-04,17:57:00,17:58:00,18:04:00,0 days 00:01:00,1,2,Monday
Female,21,16,Cash,2021-01-04,17:58:00,18:00:00,18:04:00,0 days 00:02:00,1,3,Monday
Female,43,16,Debit Card,2021-01-04,18:00:00,18:00:00,18:04:00,0 days 00:00:00,0,1,Monday
Female,35,26,Cash,2021-01-04,18:00:00,18:04:00,18:11:00,0 days 00:04:00,2,2,Monday
Female,64,22,Credit Card,2021-01-04,18:02:00,18:04:00,18:10:00,0 days 00:02:00,1,3,Monday
Female,55,20,Debit Card,2021-01-04,18:03:00,18:04:00,18:19:00,0 days 00:01:00,1,1,Monday
Male,27,23,Credit Card,2021-01-04,18:09:00,18:10:00,18:15:00,0 days 00:01:00,1,3,Monday
Female,45,28,Cash,2021-01-04,18:11:00,18:11:00,18:18:00,0 days 00:00:00,0,2,Monday
Female,14,14,Debit Card,2021-01-04,18:16:00,18:15:00,18:19:00,0 days 00:01:00,0,3,Monday
Female,62,23,Credit Card,2021-01-04,18:17:00,18:18:00,18:23:00,0 days 00:01:00,1,2,Monday
Female,20,10,Debit Card,2021-01-04,18:18:00,18:19:00,18:22:00,0 days 00:01:00,1,1,Monday
Male,48,27,Debit Card,2021-01-04,18:19:00,18:19:00,18:26:00,0 days 00:00:00,0,3,Monday
Male,14,17,Debit Card,2021-01-04,18:22:00,18:22:00,18:26:00,0 days 00:00:00,0,1,Monday
Male,54,28,Debit Card,2021-01-04,18:23:00,18:23:00,18:30:00,0 days 00:00:00,0,2,Monday
Male,63,17,Credit Card,2021-01-04,18:27:00,18:27:00,18:31:00,0 days 00:00:00,0,1,Monday
Female,35,10,Cash,2021-01-04,18:28:00,18:28:00,18:31:00,0 days 00:00:00,0,3,Monday
Male,15,22,Debit Card,2021-01-04,18:33:00,18:33:00,18:38:00,0 days 00:00:00,0,2,Monday
Female,63,28,Credit Card,2021-01-04,18:35:00,18:35:00,18:43:00,0 days 00:00:00,0,1,Monday
Female,51,20,Credit Card,2021-01-04,18:36:00,18:36:00,18:41:00,0 days 00:00:00,0,3,Monday
Female,59,30,Credit Card,2021-01-04,18:38:00,18:38:00,18:45:00,0 days 00:00:00,0,2,Monday
Male,33,17,Cash,2021-01-04,18:40:00,18:41:00,18:46:00,0 days 00:01:00,1,3,Monday
Male,17,28,Debit Card,2021-01-04,19:01:00,19:01:00,19:07:00,0 days 00:00:00,0,1,Monday
Male,40,29,Credit Card,2021-01-04,19:01:00,19:01:00,19:08:00,0 days 00:00:00,0,2,Monday
Female,25,15,Credit Card,2021-01-04,19:04:00,19:04:00,19:09:00,0 days 00:00:00,0,3,Monday
Female,60,27,Cash,2021-01-04,19:07:00,19:07:00,19:14:00,0 days 00:00:00,0,1,Monday
Female,39,15,Cash,2021-01-04,19:09:00,19:09:00,19:14:00,0 days 00:00:00,0,2,Monday
Male,37,19,Debit Card,2021-01-04,19:10:00,19:10:00,19:15:00,0 days 00:00:00,0,3,Monday
Female,65,22,Cash,2021-01-04,19:12:00,19:14:00,19:21:00,0 days 00:02:00,1,1,Monday
Female,49,17,Credit Card,2021-01-04,19:13:00,19:14:00,19:19:00,0 days 00:01:00,1,2,Monday
Male,21,29,Debit Card,2021-01-04,19:25:00,19:25:00,19:32:00,0 days 00:00:00,0,3,Monday
Female,27,25,Credit Card,2021-01-04,19:28:00,19:28:00,19:34:00,0 days 00:00:00,0,1,Monday
Male,64,12,Cash,2021-01-04,19:28:00,19:28:00,19:33:00,0 days 00:00:00,0,2,Monday
Male,65,18,Credit Card,2021-01-04,19:28:00,19:32:00,19:37:00,0 days 00:04:00,1,3,Monday
Female,45,22,Cash,2021-01-04,19:34:00,19:34:00,19:40:00,0 days 00:00:00,0,1,Monday
Female,40,11,Cash,2021-01-04,19:41:00,19:41:00,19:44:00,0 days 00:00:00,0,1,Monday
Female,28,17,Cash,2021-01-04,19:42:00,19:42:00,19:46:00,0 days 00:00:00,0,2,Monday
Female,42,17,Credit Card,2021-01-04,19:42:00,19:42:00,19:46:00,0 days 00:00:00,0,3,Monday
Female,49,22,Cash,2021-01-04,19:42:00,19:44:00,19:50:00,0 days 00:02:00,1,1,Monday
Female,54,13,Debit Card,2021-01-05,11:03:00,11:03:00,11:07:00,0 days 00:00:00,0,1,Tuesday
Female,40,11,Cash,2021-01-05,11:04:00,11:04:00,11:08:00,0 days 00:00:00,0,2,Tuesday
Male,17,17,Cash,2021-01-05,11:04:00,11:04:00,11:09:00,0 days 00:00:00,0,3,Tuesday
Male,14,13,Credit Card,2021-01-05,11:05:00,11:07:00,11:11:00,0 days 00:02:00,1,1,Tuesday
Male,28,17,Cash,2021-01-05,11:07:00,11:08:00,11:13:00,0 days 00:01:00,1,2,Tuesday
Male,32,23,Credit Card,2021-01-05,11:07:00,11:09:00,11:15:00,0 days 00:02:00,1,3,Tuesday
Female,19,22,Cash,2021-01-05,11:08:00,11:11:00,11:16:00,0 days 00:03:00,1,1,Tuesday
Female,25,28,Credit Card,2021-01-05,11:16:00,11:16:00,11:23:00,0 days 00:00:00,0,1,Tuesday
Female,57,16,Debit Card,2021-01-05,11:16:00,11:16:00,11:21:00,0 days 00:00:00,0,2,Tuesday
Female,49,10,Credit Card,2021-01-05,11:17:00,11:17:00,11:20:00,0 days 00:00:00,0,3,Tuesday
Male,59,15,Credit Card,2021-01-05,11:17:00,11:20:00,11:25:00,0 days 00:03:00,1,3,Tuesday
Male,65,15,Credit Card,2021-01-05,11:18:00,11:21:00,11:26:00,0 days 00:03:00,1,2,Tuesday
Female,53,15,Credit Card,2021-01-05,11:18:00,11:23:00,11:28:00,0 days 00:05:00,1,1,Tuesday
Male,41,23,Debit Card,2021-01-05,11:19:00,11:25:00,11:31:00,0 days 00:06:00,2,3,Tuesday
Female,28,15,Credit Card,2021-01-05,11:19:00,11:26:00,11:31:00,0 days 00:07:00,2,2,Tuesday
Female,47,13,Cash,2021-01-05,11:20:00,11:28:00,11:33:00,0 days 00:08:00,2,1,Tuesday
Female,36,18,Debit Card,2021-01-05,11:20:00,11:31:00,11:37:00,0 days 00:11:00,3,2,Tuesday
Female,26,10,Credit Card,2021-01-05,11:21:00,11:31:00,11:35:00,0 days 00:10:00,2,3,Tuesday
Female,25,23,Cash,2021-01-05,11:21:00,11:33:00,11:39:00,0 days 00:12:00,3,1,Tuesday
Female,29,23,Credit Card,2021-01-05,11:21:00,11:35:00,11:41:00,0 days 00:14:00,3,3,Tuesday
Male,61,27,Cash,2021-01-05,11:22:00,11:37:00,11:44:00,0 days 00:15:00,3,2,Tuesday
Male,32,27,Credit Card,2021-01-05,11:26:00,11:39:00,11:46:00,0 days 00:13:00,3,1,Tuesday
Male,65,29,Cash,2021-01-05,11:29:00,11:41:00,11:49:00,0 days 00:12:00,3,3,Tuesday
Male,38,12,Credit Card,2021-01-05,11:30:00,11:44:00,11:49:00,0 days 00:14:00,3,2,Tuesday
Male,49,19,Credit Card,2021-01-05,11:32:00,11:46:00,11:51:00,0 days 00:14:00,3,1,Tuesday
Male,49,10,Credit Card,2021-01-05,11:33:00,11:49:00,11:53:00,0 days 00:16:00,3,2,Tuesday
Male,64,12,Cash,2021-01-05,11:35:00,11:49:00,11:53:00,0 days 00:14:00,3,3,Tuesday
Female,41,22,Credit Card,2021-01-05,11:35:00,11:51:00,11:57:00,0 days 00:16:00,3,1,Tuesday
Female,50,16,Debit Card,2021-01-05,11:35:00,11:53:00,11:57:00,0 days 00:18:00,4,2,Tuesday
Female,26,21,Credit Card,2021-01-05,11:37:00,11:53:00,11:58:00,0 days 00:18:00,3,3,Tuesday
Male,18,15,Cash,2021-01-05,11:40:00,11:56:00,12:00:00,0 days 00:16:00,2,1,Tuesday
Female,30,19,Credit Card,2021-01-05,11:40:00,11:57:00,12:02:00,0 days 00:17:00,4,2,Tuesday
Female,25,25,Cash,2021-01-05,11:43:00,11:58:00,12:04:00,0 days 00:15:00,3,3,Tuesday
Female,18,19,Cash,2021-01-05,11:44:00,12:00:00,12:05:00,0 days 00:16:00,4,1,Tuesday
Male,62,30,Cash,2021-01-05,11:45:00,12:02:00,12:10:00,0 days 00:17:00,4,2,Tuesday
Male,61,14,Credit Card,2021-01-05,11:46:00,12:04:00,12:08:00,0 days 00:18:00,4,3,Tuesday
Male,54,16,Credit Card,2021-01-05,11:46:00,12:05:00,12:09:00,0 days 00:19:00,5,1,Tuesday
Female,24,24,Credit Card,2021-01-05,11:47:00,12:08:00,12:13:00,0 days 00:21:00,5,3,Tuesday
Female,33,23,Cash,2021-01-05,11:47:00,12:09:00,12:14:00,0 days 00:22:00,5,1,Tuesday
Male,31,27,Cash,2021-01-05,11:49:00,12:10:00,12:18:00,0 days 00:21:00,5,2,Tuesday
Female,46,26,Credit Card,2021-01-05,11:50:00,12:13:00,12:19:00,0 days 00:23:00,5,3,Tuesday
Male,55,15,Cash,2021-01-05,11:53:00,12:14:00,12:19:00,0 days 00:21:00,5,1,Tuesday
Female,22,24,Cash,2021-01-05,11:53:00,12:18:00,12:24:00,0 days 00:25:00,5,2,Tuesday
Male,47,13,Cash,2021-01-05,11:56:00,12:19:00,12:23:00,0 days 00:23:00,6,1,Tuesday
Female,41,21,Debit Card,2021-01-05,11:57:00,12:19:00,12:24:00,0 days 00:22:00,5,3,Tuesday
Female,33,24,Credit Card,2021-01-05,12:02:00,12:23:00,12:29:00,0 days 00:21:00,5,1,Tuesday
Female,63,28,Debit Card,2021-01-05,12:05:00,12:24:00,12:32:00,0 days 00:19:00,3,2,Tuesday
Female,36,21,Credit Card,2021-01-05,12:05:00,12:24:00,12:29:00,0 days 00:19:00,4,3,Tuesday
Male,15,19,Debit Card,2021-01-05,12:05:00,12:29:00,12:34:00,0 days 00:24:00,6,1,Tuesday
Female,41,30,Cash,2021-01-05,12:06:00,12:29:00,12:37:00,0 days 00:13:00,5,3,Tuesday
Female,16,14,Credit Card,2021-01-05,12:06:00,12:32:00,12:36:00,0 days 00:26:00,4,2,Tuesday
Female,64,12,Debit Card,2021-01-05,12:09:00,12:34:00,12:38:00,0 days 00:25:00,6,1,Tuesday
Female,60,21,Credit Card,2021-01-05,12:09:00,12:36:00,12:41:00,0 days 00:27:00,5,2,Tuesday
Male,64,29,Credit Card,2021-01-05,12:10:00,12:37:00,12:45:00,0 days 00:27:00,5,3,Tuesday
Female,13,21,Cash,2021-01-05,12:11:00,12:38:00,12:43:00,0 days 00:27:00,6,1,Tuesday
Female,53,27,Cash,2021-01-05,12:11:00,12:41:00,12:49:00,0 days 00:30:00,5,2,Tuesday
Female,63,25,Credit Card,2021-01-05,12:12:00,12:43:00,12:50:00,0 days 00:31:00,7,1,Tuesday
Male,28,14,Cash,2021-01-05,12:13:00,12:45:00,12:50:00,0 days 00:35:00,6,3,Tuesday
Female,20,26,Cash,2021-01-05,12:13:00,12:49:00,12:57:00,0 days 00:36:00,6,2,Tuesday
Female,37,18,Cash,2021-01-05,12:13:00,12:50:00,12:55:00,0 days 00:37:00,8,1,Tuesday
Female,19,17,Credit Card,2021-01-05,12:15:00,12:50:00,12:55:00,0 days 00:35:00,6,3,Tuesday
Female,48,20,Credit Card,2021-01-05,12:17:00,12:55:00,13:00:00,0 days 00:38:00,8,1,Tuesday
Male,39,17,Credit Card,2021-01-05,12:18:00,12:55:00,13:00:00,0 days 00:37:00,7,3,Tuesday
Male,46,19,Cash,2021-01-05,12:19:00,12:57:00,13:02:00,0 days 00:38:00,6,2,Tuesday
Female,56,16,Credit Card,2021-01-05,12:19:00,13:00:00,13:04:00,0 days 00:41:00,9,1,Tuesday
Female,31,23,Cash,2021-01-05,12:20:00,13:00:00,13:05:00,0 days 00:40:00,7,3,Tuesday
Male,47,19,Cash,2021-01-05,12:20:00,13:02:00,13:07:00,0 days 00:42:00,7,2,Tuesday
Female,15,24,Credit Card,2021-01-05,12:20:00,13:05:00,13:10:00,0 days 00:45:00,8,3,Tuesday
Female,47,25,Cash,2021-01-05,16:31:00,16:31:00,16:36:00,0 days 00:00:00,0,1,Tuesday
Male,49,20,Credit Card,2021-01-05,16:33:00,16:33:00,16:37:00,0 days 00:00:00,0,2,Tuesday
Male,42,14,Credit Card,2021-01-05,16:35:00,16:35:00,16:39:00,0 days 00:00:00,0,3,Tuesday
Female,29,17,Cash,2021-01-05,16:38:00,16:38:00,16:42:00,0 days 00:00:00,0,1,Tuesday
Male,34,20,Cash,2021-01-05,16:45:00,16:45:00,16:41:00,0 days 00:00:00,0,1,Tuesday
Male,60,28,Debit Card,2021-01-05,16:51:00,16:51:00,16:59:00,0 days 00:00:00,0,1,Tuesday
Female,62,15,Cash,2021-01-05,16:53:00,16:53:00,16:57:00,0 days 00:00:00,0,2,Tuesday
Female,40,18,Cash,2021-01-05,16:55:00,16:55:00,16:59:00,0 days 00:00:00,0,3,Tuesday
Male,29,14,Debit Card,2021-01-05,16:56:00,16:57:00,17:01:00,0 days 00:01:00,1,2,Tuesday
Male,65,30,Debit Card,2021-01-05,16:56:00,16:59:00,17:07:00,0 days 00:03:00,1,1,Tuesday
Female,24,12,Debit Card,2021-01-05,17:04:00,17:04:00,17:04:00,0 days 00:00:00,0,2,Tuesday
Male,23,19,Cash,2021-01-05,17:06:00,17:06:00,17:11:00,0 days 00:00:00,0,3,Tuesday
Female,41,18,Credit Card,2021-01-05,17:08:00,17:08:00,17:11:00,0 days 00:00:00,0,1,Tuesday
Female,62,26,Credit Card,2021-01-05,17:09:00,17:09:00,17:15:00,0 days 00:00:00,0,2,Tuesday
Female,37,10,Cash,2021-01-05,17:11:00,17:11:00,17:14:00,0 days 00:00:00,0,1,Tuesday
Female,32,17,Credit Card,2021-01-05,17:11:00,17:11:00,17:16:00,0 days 00:00:00,0,3,Tuesday
Female,63,29,Debit Card,2021-01-05,17:15:00,17:15:00,17:23:00,0 days 00:00:00,0,1,Tuesday
Female,58,10,Credit Card,2021-01-05,17:15:00,17:15:00,17:18:00,0 days 00:00:00,0,2,Tuesday
Female,23,30,Debit Card,2021-01-05,17:17:00,17:17:00,17:25:00,0 days 00:00:00,0,3,Tuesday
Female,24,15,Credit Card,2021-01-05,17:18:00,17:18:00,17:22:00,0 days 00:00:00,0,2,Tuesday
Male,19,19,Credit Card,2021-01-05,17:19:00,17:22:00,17:27:00,0 days 00:03:00,1,2,Tuesday
Male,64,17,Credit Card,2021-01-05,17:20:00,17:23:00,17:27:00,0 days 00:03:00,1,1,Tuesday
Female,49,10,Credit Card,2021-01-05,17:21:00,17:25:00,17:28:00,0 days 00:04:00,1,3,Tuesday
Male,30,25,Debit Card,2021-01-05,17:32:00,17:32:00,17:39:00,0 days 00:00:00,0,1,Tuesday
Female,38,14,Credit Card,2021-01-05,17:35:00,17:35:00,17:39:00,0 days 00:00:00,0,2,Tuesday
Female,40,11,Credit Card,2021-01-05,17:36:00,17:36:00,17:39:00,0 days 00:00:00,0,3,Tuesday
Female,31,23,Cash,2021-01-05,18:33:00,18:33:00,18:39:00,0 days 00:00:00,0,1,Tuesday
Female,48,26,Credit Card,2021-01-05,18:35:00,18:35:00,18:42:00,0 days 00:00:00,0,2,Tuesday
Male,51,30,Cash,2021-01-05,18:36:00,18:36:00,18:44:00,0 days 00:00:00,0,3,Tuesday
Male,27,11,Cash,2021-01-05,18:38:00,18:39:00,18:43:00,0 days 00:01:00,1,1,Tuesday
Male,31,11,Credit Card,2021-01-05,18:40:00,18:42:00,18:45:00,0 days 00:02:00,1,2,Tuesday
Female,57,22,Cash,2021-01-05,18:41:00,18:43:00,18:49:00,0 days 00:02:00,1,1,Tuesday
Male,25,20,Credit Card,2021-01-05,18:42:00,18:44:00,18:49:00,0 days 00:02:00,1,3,Tuesday
Female,29,20,Credit Card,2021-01-05,18:47:00,18:47:00,18:52:00,0 days 00:00:00,0,2,Tuesday
Male,62,30,Credit Card,2021-01-05,18:48:00,18:49:00,18:57:00,0 days 00:01:00,1,1,Tuesday
Male,19,26,Debit Card,2021-01-05,18:49:00,18:49:00,18:54:00,0 days 00:00:00,0,3,Tuesday
Male,30,27,Credit Card,2021-01-05,18:52:00,18:52:00,18:59:00,0 days 00:00:00,0,2,Tuesday
Male,13,21,Credit Card,2021-01-05,18:53:00,18:54:00,18:58:00,0 days 00:01:00,1,3,Tuesday
Female,54,22,Credit Card,2021-01-05,18:56:00,18:57:00,19:02:00,0 days 00:01:00,1,1,Tuesday
Female,52,23,Credit Card,2021-01-05,18:57:00,18:58:00,19:04:00,0 days 00:01:00,1,3,Tuesday
Female,22,28,Debit Card,2021-01-05,19:01:00,19:01:00,19:09:00,0 days 00:00:00,0,2,Tuesday
Male,36,29,Debit Card,2021-01-05,19:01:00,19:02:00,19:10:00,0 days 00:01:00,1,1,Tuesday
Female,16,23,Cash,2021-01-05,19:04:00,19:04:00,19:09:00,0 days 00:00:00,0,3,Tuesday
Male,25,18,Cash,2021-01-05,19:07:00,19:09:00,19:14:00,0 days 00:02:00,1,2,Tuesday
Female,29,13,Credit Card,2021-01-05,19:09:00,19:09:00,19:14:00,0 days 00:00:00,0,3,Tuesday
Male,59,12,Cash,2021-01-06,11:03:00,11:03:00,11:08:00,0 days 00:00:00,0,1,Wednesday
Female,37,22,Cash,2021-01-06,11:04:00,11:04:00,11:10:00,0 days 00:00:00,0,2,Wednesday
Male,20,13,Debit Card,2021-01-06,11:04:00,11:04:00,11:08:00,0 days 00:00:00,0,3,Wednesday
Male,64,16,Credit Card,2021-01-06,11:05:00,11:08:00,11:13:00,0 days 00:03:00,1,1,Wednesday
Male,61,19,Cash,2021-01-06,11:07:00,11:08:00,11:14:00,0 days 00:01:00,1,3,Wednesday
Female,15,27,Debit Card,2021-01-06,11:07:00,11:10:00,11:17:00,0 days 00:03:00,1,2,Wednesday
Female,39,17,Cash,2021-01-06,11:08:00,11:13:00,11:18:00,0 days 00:05:00,2,1,Wednesday
Male,22,14,Debit Card,2021-01-06,11:16:00,11:16:00,11:20:00,0 days 00:00:00,0,3,Wednesday
Female,63,16,Debit Card,2021-01-06,11:16:00,11:17:00,11:23:00,0 days 00:01:00,1,2,Wednesday
Female,18,29,Debit Card,2021-01-06,11:17:00,11:18:00,11:25:00,0 days 00:01:00,1,1,Wednesday
Male,22,15,Cash,2021-01-06,11:17:00,11:20:00,11:26:00,0 days 00:03:00,1,3,Wednesday
Male,41,26,Debit Card,2021-01-06,11:18:00,11:23:00,11:30:00,0 days 00:05:00,1,2,Wednesday
Male,56,23,Credit Card,2021-01-06,11:18:00,11:25:00,11:31:00,0 days 00:07:00,2,1,Wednesday
Female,41,15,Credit Card,2021-01-06,11:19:00,11:26:00,11:30:00,0 days 00:07:00,2,3,Wednesday
Female,32,15,Cash,2021-01-06,11:19:00,11:30:00,11:36:00,0 days 00:11:00,2,2,Wednesday
Female,21,12,Credit Card,2021-01-06,11:20:00,11:30:00,11:34:00,0 days 00:10:00,3,3,Wednesday
Female,23,15,Credit Card,2021-01-06,11:20:00,11:31:00,11:35:00,0 days 00:11:00,2,1,Wednesday
Male,63,11,Cash,2021-01-06,11:21:00,11:34:00,11:39:00,0 days 00:13:00,3,3,Wednesday
Male,63,30,Credit Card,2021-01-06,11:21:00,11:35:00,11:42:00,0 days 00:14:00,3,1,Wednesday
Female,16,20,Debit Card,2021-01-06,11:21:00,11:36:00,11:41:00,0 days 00:15:00,3,2,Wednesday
Female,31,28,Cash,2021-01-06,11:22:00,11:39:00,11:45:00,0 days 00:17:00,4,3,Wednesday
Female,39,12,Cash,2021-01-06,11:47:00,11:47:00,11:51:00,0 days 00:00:00,0,1,Wednesday
Female,50,17,Debit Card,2021-01-06,11:47:00,11:47:00,11:53:00,0 days 00:00:00,0,2,Wednesday
Male,54,13,Debit Card,2021-01-06,11:49:00,11:49:00,11:54:00,0 days 00:00:00,0,3,Wednesday
Female,14,10,Credit Card,2021-01-06,11:50:00,11:51:00,11:54:00,0 days 00:01:00,1,1,Wednesday
Female,25,17,Credit Card,2021-01-06,11:53:00,11:53:00,11:58:00,0 days 00:00:00,0,2,Wednesday
Female,45,18,Credit Card,2021-01-06,11:53:00,11:54:00,11:59:00,0 days 00:00:00,0,1,Wednesday
Female,30,12,Cash,2021-01-06,11:56:00,11:56:00,12:00:00,0 days 00:00:00,0,3,Wednesday
Male,32,18,Cash,2021-01-06,11:57:00,11:58:00,12:04:00,0 days 00:01:00,1,2,Wednesday
Female,39,11,Credit Card,2021-01-06,12:02:00,12:02:00,12:06:00,0 days 00:00:00,0,1,Wednesday
Male,16,29,Credit Card,2021-01-06,12:05:00,12:05:00,12:11:00,0 days 00:00:00,0,2,Wednesday
Female,57,28,Credit Card,2021-01-06,12:05:00,12:05:00,12:13:00,0 days 00:00:00,0,3,Wednesday
Female,60,25,Debit Card,2021-01-06,12:05:00,12:06:00,12:14:00,0 days 00:01:00,1,1,Wednesday
Female,21,16,Credit Card,2021-01-06,12:06:00,12:11:00,12:16:00,0 days 00:05:00,1,2,Wednesday
Male,32,21,Credit Card,2021-01-06,12:06:00,12:13:00,12:19:00,0 days 00:07:00,1,3,Wednesday
Male,26,10,Cash,2021-01-06,12:09:00,12:14:00,12:18:00,0 days 00:05:00,1,1,Wednesday
Female,50,11,Credit Card,2021-01-06,12:09:00,12:16:00,12:20:00,0 days 00:07:00,2,2,Wednesday
Female,19,30,Cash,2021-01-06,12:10:00,12:18:00,12:25:00,0 days 00:08:00,2,1,Wednesday
Male,33,14,Cash,2021-01-06,12:11:00,12:19:00,12:22:00,0 days 00:08:00,2,3,Wednesday
Female,28,13,Debit Card,2021-01-06,12:11:00,12:20:00,12:23:00,0 days 00:09:00,3,2,Wednesday
Female,51,22,Debit Card,2021-01-06,12:34:00,12:34:00,12:40:00,0 days 00:00:00,0,1,Wednesday
Female,31,30,Cash,2021-01-06,12:36:00,12:36:00,12:43:00,0 days 00:00:00,0,2,Wednesday
Female,43,29,Debit Card,2021-01-06,12:36:00,12:36:00,12:44:00,0 days 00:00:00,0,3,Wednesday
Male,19,24,Credit Card,2021-01-06,12:39:00,12:40:00,12:45:00,0 days 00:01:00,1,1,Wednesday
Male,21,19,Cash,2021-01-06,12:40:00,12:43:00,12:48:00,0 days 00:03:00,1,2,Wednesday
Female,16,16,Credit Card,2021-01-06,12:40:00,12:44:00,12:48:00,0 days 00:04:00,1,3,Wednesday
Female,14,16,Debit Card,2021-01-06,12:40:00,12:45:00,12:49:00,0 days 00:05:00,2,1,Wednesday
Male,43,14,Cash,2021-01-06,12:41:00,12:48:00,12:53:00,0 days 00:07:00,2,2,Wednesday
Male,62,18,Debit Card,2021-01-06,12:45:00,12:48:00,12:54:00,0 days 00:03:00,1,3,Wednesday
Male,58,28,Cash,2021-01-06,12:45:00,12:49:00,12:58:00,0 days 00:04:00,2,1,Wednesday
Male,13,20,Credit Card,2021-01-06,12:47:00,12:53:00,12:58:00,0 days 00:06:00,2,2,Wednesday
Male,38,13,Cash,2021-01-06,12:47:00,12:54:00,12:59:00,0 days 00:07:00,2,3,Wednesday
Female,17,21,Cash,2021-01-06,12:49:00,12:58:00,13:05:00,0 days 00:09:00,2,1,Wednesday
Male,26,20,Debit Card,2021-01-06,12:50:00,12:58:00,13:03:00,0 days 00:08:00,2,2,Wednesday
Female,29,26,Credit Card,2021-01-06,16:01:00,16:01:00,16:08:00,0 days 00:00:00,0,1,Wednesday
Male,60,28,Cash,2021-01-06,16:05:00,16:05:00,16:14:00,0 days 00:00:00,0,2,Wednesday
Male,46,14,Debit Card,2021-01-06,16:05:00,16:05:00,16:10:00,0 days 00:00:00,0,3,Wednesday
Female,38,17,Credit Card,2021-01-06,16:21:00,16:21:00,16:26:00,0 days 00:00:00,0,1,Wednesday
Male,28,26,Credit Card,2021-01-06,16:23:00,16:23:00,16:30:00,0 days 00:00:00,0,2,Wednesday
Male,61,18,Cash,2021-01-06,16:23:00,16:23:00,16:29:00,0 days 00:00:00,0,3,Wednesday
Female,61,29,Debit Card,2021-01-06,16:25:00,16:26:00,16:34:00,0 days 00:03:00,1,1,Wednesday
Male,63,25,Credit Card,2021-01-06,16:28:00,16:29:00,16:37:00,0 days 00:01:00,1,3,Wednesday
Female,19,14,Credit Card,2021-01-06,16:29:00,16:30:00,16:34:00,0 days 00:01:00,1,2,Wednesday
Female,35,25,Cash,2021-01-06,16:30:00,16:34:00,16:42:00,0 days 00:04:00,1,1,Wednesday
Female,46,24,Cash,2021-01-06,16:31:00,16:34:00,16:41:00,0 days 00:03:00,1,2,Wednesday
Male,63,29,Credit Card,2021-01-06,16:33:00,16:37:00,16:45:00,0 days 00:04:00,1,3,Wednesday
Male,46,18,Cash,2021-01-06,16:35:00,16:41:00,16:46:00,0 days 00:06:00,1,2,Wednesday
Male,40,30,Credit Card,2021-01-06,16:38:00,16:42:00,16:49:00,0 days 00:04:00,1,1,Wednesday
Female,32,12,Credit Card,2021-01-06,16:45:00,16:45:00,16:48:00,0 days 00:00:00,0,3,Wednesday
Female,14,26,Credit Card,2021-01-06,16:51:00,16:51:00,16:57:00,0 days 00:00:00,0,1,Wednesday
Female,13,15,Cash,2021-01-06,16:53:00,16:53:00,16:58:00,0 days 00:00:00,0,2,Wednesday
Male,13,14,Cash,2021-01-06,16:55:00,16:55:00,17:00:00,0 days 00:00:00,0,3,Wednesday
Female,32,29,Debit Card,2021-01-06,16:56:00,16:57:00,17:05:00,0 days 00:01:00,1,1,Wednesday
Male,53,20,Debit Card,2021-01-06,16:56:00,16:58:00,17:04:00,0 days 00:02:00,1,2,Wednesday
Female,27,29,Debit Card,2021-01-06,17:04:00,17:04:00,17:12:00,0 days 00:00:00,0,3,Wednesday
Male,49,20,Cash,2021-01-06,17:06:00,17:06:00,17:12:00,0 days 00:00:00,0,1,Wednesday
Female,21,30,Credit Card,2021-01-06,17:08:00,17:08:00,17:15:00,0 days 00:00:00,0,2,Wednesday
Female,63,16,Credit Card,2021-01-06,17:09:00,17:12:00,17:19:00,0 days 00:03:00,1,1,Wednesday
Male,53,12,Cash,2021-01-06,17:11:00,17:12:00,17:18:00,0 days 00:01:00,1,3,Wednesday
Female,27,22,Credit Card,2021-01-06,18:22:00,18:22:00,18:27:00,0 days 00:00:00,0,1,Wednesday
Female,29,18,Credit Card,2021-01-06,18:22:00,18:22:00,18:27:00,0 days 00:00:00,0,2,Wednesday
Female,41,22,Cash,2021-01-06,18:25:00,18:25:00,18:31:00,0 days 00:00:00,0,3,Wednesday
Male,42,20,Credit Card,2021-01-06,18:27:00,18:27:00,18:33:00,0 days 00:00:00,0,1,Wednesday
Female,39,27,Credit Card,2021-01-06,18:28:00,18:28:00,18:35:00,0 days 00:00:00,0,2,Wednesday
Female,56,29,Credit Card,2021-01-06,18:33:00,18:33:00,18:41:00,0 days 00:00:00,0,3,Wednesday
Male,17,24,Cash,2021-01-06,18:35:00,18:35:00,18:42:00,0 days 00:00:00,0,1,Wednesday
Male,21,26,Credit Card,2021-01-06,18:36:00,18:36:00,18:43:00,0 days 00:00:00,0,2,Wednesday
Male,20,20,Cash,2021-01-06,18:38:00,18:41:00,18:46:00,0 days 00:03:00,1,3,Wednesday
Male,54,29,Cash,2021-01-06,18:40:00,18:42:00,18:51:00,0 days 00:02:00,1,1,Wednesday
Male,32,10,Credit Card,2021-01-06,18:41:00,18:43:00,18:46:00,0 days 00:02:00,1,2,Wednesday
Male,53,14,Cash,2021-01-06,18:42:00,18:46:00,18:51:00,0 days 00:04:00,1,3,Wednesday
Male,36,22,Credit Card,2021-01-06,18:47:00,18:47:00,18:52:00,0 days 00:00:00,0,2,Wednesday
Female,32,13,Cash,2021-01-06,18:48:00,18:51:00,18:55:00,0 days 00:03:00,1,1,Wednesday
Male,57,22,Cash,2021-01-06,18:49:00,18:51:00,18:58:00,0 days 00:02:00,1,3,Wednesday
Female,54,27,Credit Card,2021-01-06,18:52:00,18:52:00,18:59:00,0 days 00:00:00,0,2,Wednesday
Female,59,28,Credit Card,2021-01-06,18:53:00,18:55:00,19:03:00,0 days 00:02:00,1,1,Wednesday
Female,65,18,Credit Card,2021-01-06,18:56:00,18:58:00,19:04:00,0 days 00:02:00,1,3,Wednesday
Male,30,21,Cash,2021-01-06,18:57:00,18:59:00,19:05:00,0 days 00:02:00,1,2,Wednesday
Female,31,15,Debit Card,2021-01-06,19:01:00,19:03:00,19:07:00,0 days 00:02:00,1,1,Wednesday
Male,29,12,Cash,2021-01-06,19:01:00,19:04:00,19:08:00,0 days 00:03:00,1,3,Wednesday
Female,22,16,Cash,2021-01-06,19:04:00,19:05:00,19:10:00,0 days 00:01:00,1,2,Wednesday
Female,42,22,Cash,2021-01-06,19:07:00,19:07:00,19:14:00,0 days 00:00:00,0,1,Wednesday
Female,39,10,Debit Card,2021-01-06,19:09:00,19:09:00,19:13:00,0 days 00:00:00,0,3,Wednesday
Male,61,15,Cash,2021-01-06,19:10:00,19:10:00,19:15:00,0 days 00:00:00,0,2,Wednesday
Female,54,28,Cash,2021-01-06,19:12:00,19:13:00,19:20:00,0 days 00:01:00,1,3,Wednesday
Male,42,27,Credit Card,2021-01-06,19:13:00,19:14:00,19:21:00,0 days 00:01:00,1,1,Wednesday
Female,54,14,Credit Card,2021-01-06,19:25:00,19:25:00,19:30:00,0 days 00:00:00,0,1,Wednesday
Female,58,23,Credit Card,2021-01-06,19:28:00,19:28:00,19:34:00,0 days 00:00:00,0,2,Wednesday
Male,44,14,Debit Card,2021-01-06,19:28:00,19:28:00,19:32:00,0 days 00:00:00,0,3,Wednesday
Female,58,15,Cash,2021-01-06,19:31:00,19:31:00,19:36:00,0 days 00:00:00,0,1,Wednesday
Male,48,28,Cash,2021-01-06,19:34:00,19:34:00,19:42:00,0 days 00:00:00,0,2,Wednesday
Female,44,30,Debit Card,2021-01-06,19:41:00,19:41:00,19:49:00,0 days 00:00:00,0,3,Wednesday
Female,54,18,Cash,2021-01-06,19:42:00,19:42:00,19:48:00,0 days 00:00:00,0,1,Wednesday
Male,32,13,Credit Card,2021-01-06,19:42:00,19:42:00,19:46:00,0 days 00:00:00,0,2,Wednesday
Male,27,13,Credit Card,2021-01-06,19:42:00,19:46:00,19:50:00,0 days 00:04:00,2,2,Wednesday
Female,18,14,Cash,2021-01-06,19:46:00,19:48:00,19:52:00,0 days 00:02:00,1,1,Wednesday
Male,45,26,Credit Card,2021-01-06,19:49:00,19:49:00,19:56:00,0 days 00:00:00,0,3,Wednesday
Male,28,11,Cash,2021-01-06,19:50:00,19:50:00,19:54:00,0 days 00:00:00,0,2,Wednesday
Male,49,11,Cash,2021-01-06,19:51:00,19:52:00,19:57:00,0 days 00:01:00,1,1,Wednesday
Female,53,23,Cash,2021-01-06,19:54:00,19:54:00,20:01:00,0 days 00:00:00,0,2,Wednesday
Female,62,23,Cash,2021-01-06,19:58:00,19:58:00,20:05:00,0 days 00:00:00,0,1,Wednesday
Male,41,11,Credit Card,2021-01-06,19:58:00,19:58:00,20:02:00,0 days 00:00:00,0,3,Wednesday
Female,40,12,Credit Card,2021-01-06,20:00:00,20:01:00,20:05:00,0 days 00:01:00,1,2,Wednesday
Female,38,13,Credit Card,2021-01-06,20:10:00,20:10:00,20:14:00,0 days 00:00:00,0,1,Wednesday
Female,55,11,Credit Card,2021-01-06,20:11:00,20:11:00,20:15:00,0 days 00:00:00,0,2,Wednesday
Male,37,30,Cash,2021-01-06,20:30:00,20:30:00,20:38:00,0 days 00:00:00,0,3,Wednesday
Female,60,18,Cash,2021-01-07,11:03:00,11:03:00,11:09:00,0 days 00:00:00,0,1,Thursday
Female,53,24,Cash,2021-01-07,11:04:00,11:04:00,11:11:00,0 days 00:00:00,0,2,Thursday
Female,65,23,Credit Card,2021-01-07,11:04:00,11:04:00,11:12:00,0 days 00:00:00,0,3,Thursday
Male,33,22,Debit Card,2021-01-07,11:05:00,11:09:00,11:14:00,0 days 00:04:00,1,1,Thursday
Female,15,15,Cash,2021-01-07,11:07:00,11:11:00,11:16:00,0 days 00:04:00,1,2,Thursday
Female,29,29,Cash,2021-01-07,11:07:00,11:12:00,11:19:00,0 days 00:05:00,1,3,Thursday
Female,30,17,Credit Card,2021-01-07,11:08:00,11:14:00,11:18:00,0 days 00:06:00,2,1,Thursday
Male,18,26,Cash,2021-01-07,11:16:00,11:16:00,11:22:00,0 days 00:00:00,0,2,Thursday
Male,38,24,Cash,2021-01-07,11:16:00,11:19:00,11:25:00,0 days 00:03:00,1,3,Thursday
Male,41,18,Credit Card,2021-01-07,11:17:00,11:18:00,11:22:00,0 days 00:01:00,1,1,Thursday
Female,58,17,Credit Card,2021-01-07,11:17:00,11:22:00,11:27:00,0 days 00:05:00,1,2,Thursday
Male,52,20,Cash,2021-01-07,11:18:00,11:25:00,11:30:00,0 days 00:07:00,2,3,Thursday
Female,40,18,Debit Card,2021-01-07,11:18:00,11:22:00,11:26:00,0 days 00:04:00,2,1,Thursday
Female,21,11,Cash,2021-01-07,11:19:00,11:27:00,11:30:00,0 days 00:08:00,2,2,Thursday
Female,46,29,Credit Card,2021-01-07,11:19:00,11:30:00,11:37:00,0 days 00:11:00,3,3,Thursday
Male,57,28,Credit Card,2021-01-07,11:20:00,11:26:00,11:33:00,0 days 00:06:00,2,1,Thursday
Male,46,16,Debit Card,2021-01-07,11:20:00,11:30:00,11:34:00,0 days 00:10:00,3,2,Thursday
Female,48,29,Credit Card,2021-01-07,11:21:00,11:37:00,11:44:00,0 days 00:16:00,3,3,Thursday
Female,24,23,Cash,2021-01-07,11:21:00,11:33:00,11:38:00,0 days 00:12:00,3,1,Thursday
Male,45,27,Debit Card,2021-01-07,11:21:00,11:34:00,11:39:00,0 days 00:13:00,4,2,Thursday
Female,23,10,Credit Card,2021-01-07,11:22:00,11:44:00,11:45:00,0 days 00:22:00,4,3,Thursday
Male,65,22,Credit Card,2021-01-07,11:26:00,11:38:00,11:44:00,0 days 00:12:00,3,1,Thursday
Female,59,28,Credit Card,2021-01-07,11:29:00,11:39:00,11:45:00,0 days 00:10:00,3,2,Thursday
Male,14,21,Credit Card,2021-01-07,11:30:00,11:45:00,11:49:00,0 days 00:15:00,4,3,Thursday
Female,40,29,Cash,2021-01-07,11:32:00,11:44:00,11:49:00,0 days 00:12:00,3,1,Thursday
Male,63,12,Debit Card,2021-01-07,11:45:00,11:45:00,11:49:00,0 days 00:00:00,0,2,Thursday
Male,46,24,Cash,2021-01-07,11:47:00,11:49:00,11:54:00,0 days 00:02:00,1,3,Thursday
Male,28,16,Cash,2021-01-07,11:49:00,11:49:00,11:52:00,0 days 00:00:00,0,1,Thursday
Male,49,13,Credit Card,2021-01-07,11:50:00,11:50:00,11:54:00,0 days 00:00:00,0,2,Thursday
Female,13,20,Cash,2021-01-07,11:53:00,11:54:00,11:58:00,0 days 00:01:00,1,2,Thursday
Male,28,26,Cash,2021-01-07,11:53:00,11:54:00,12:00:00,0 days 00:01:00,1,3,Thursday
Female,56,13,Credit Card,2021-01-07,11:56:00,11:56:00,12:01:00,0 days 00:00:00,0,1,Thursday
Male,17,22,Credit Card,2021-01-07,11:57:00,11:58:00,12:03:00,0 days 00:01:00,1,2,Thursday
Female,51,25,Credit Card,2021-01-07,12:02:00,12:02:00,12:08:00,0 days 00:00:00,0,1,Thursday
Female,39,13,Cash,2021-01-07,12:05:00,12:05:00,12:09:00,0 days 00:00:00,0,2,Thursday
Female,36,24,Cash,2021-01-07,12:05:00,12:05:00,12:11:00,0 days 00:00:00,0,3,Thursday
Male,29,22,Cash,2021-01-07,12:05:00,12:08:00,12:13:00,0 days 00:03:00,1,1,Thursday
Female,56,17,Cash,2021-01-07,12:06:00,12:09:00,12:14:00,0 days 00:03:00,1,2,Thursday
Female,62,13,Cash,2021-01-07,12:06:00,12:11:00,12:17:00,0 days 00:05:00,1,3,Thursday
Female,55,13,Credit Card,2021-01-07,12:09:00,12:13:00,12:17:00,0 days 00:04:00,1,1,Thursday
Male,47,23,Cash,2021-01-07,12:09:00,12:14:00,12:20:00,0 days 00:05:00,2,2,Thursday
Male,29,12,Cash,2021-01-07,12:10:00,12:17:00,12:21:00,0 days 00:07:00,2,3,Thursday
Female,31,25,Cash,2021-01-07,12:11:00,12:17:00,12:23:00,0 days 00:06:00,2,1,Thursday
Female,46,10,Cash,2021-01-07,12:11:00,12:20:00,12:24:00,0 days 00:09:00,2,2,Thursday
Female,62,19,Credit Card,2021-01-07,12:12:00,12:21:00,12:27:00,0 days 00:09:00,2,3,Thursday
Female,48,22,Credit Card,2021-01-07,12:13:00,12:23:00,12:28:00,0 days 00:10:00,3,1,Thursday
Male,15,27,Debit Card,2021-01-07,12:13:00,12:24:00,12:29:00,0 days 00:11:00,3,2,Thursday
Female,45,10,Cash,2021-01-07,12:13:00,12:27:00,12:30:00,0 days 00:13:00,3,3,Thursday
Female,61,22,Debit Card,2021-01-07,12:34:00,12:34:00,12:40:00,0 days 00:00:00,0,1,Thursday
Male,22,10,Cash,2021-01-07,12:36:00,12:36:00,12:40:00,0 days 00:00:00,0,2,Thursday
Female,53,10,Credit Card,2021-01-07,12:36:00,12:36:00,12:39:00,0 days 00:00:00,0,3,Thursday
Male,20,30,Cash,2021-01-07,12:39:00,12:39:00,12:46:00,0 days 00:00:00,0,3,Thursday
Female,15,13,Cash,2021-01-07,12:40:00,12:40:00,12:44:00,0 days 00:00:00,0,1,Thursday
Male,34,26,Cash,2021-01-07,12:40:00,12:40:00,12:47:00,0 days 00:00:00,0,2,Thursday
Male,28,19,Cash,2021-01-07,12:40:00,12:44:00,12:48:00,0 days 00:04:00,1,1,Thursday
Female,41,29,Cash,2021-01-07,12:41:00,12:46:00,12:54:00,0 days 00:05:00,1,3,Thursday
Female,34,14,Credit Card,2021-01-07,12:45:00,12:47:00,12:50:00,0 days 00:02:00,1,2,Thursday
Female,49,13,Cash,2021-01-07,12:45:00,12:48:00,12:51:00,0 days 00:03:00,1,1,Thursday
Male,44,17,Credit Card,2021-01-07,12:47:00,12:50:00,12:55:00,0 days 00:03:00,2,2,Thursday
Female,59,27,Cash,2021-01-07,12:47:00,12:51:00,12:57:00,0 days 00:04:00,2,1,Thursday
Female,49,26,Cash,2021-01-07,12:49:00,12:54:00,13:00:00,0 days 00:05:00,1,3,Thursday
Female,37,26,Cash,2021-01-07,12:50:00,12:55:00,13:01:00,0 days 00:05:00,2,2,Thursday
Female,14,10,Credit Card,2021-01-07,12:51:00,12:57:00,13:00:00,0 days 00:06:00,2,1,Thursday
Female,17,20,Cash,2021-01-07,12:52:00,13:00:00,13:05:00,0 days 00:08:00,2,1,Thursday
Female,50,14,Cash,2021-01-07,12:54:00,13:00:00,13:05:00,0 days 00:06:00,2,3,Thursday
Male,39,11,Credit Card,2021-01-07,12:54:00,13:01:00,13:05:00,0 days 00:07:00,2,2,Thursday
Female,22,17,Credit Card,2021-01-07,12:56:00,13:05:00,13:09:00,0 days 00:09:00,3,1,Thursday
Male,14,21,Cash,2021-01-07,17:04:00,17:04:00,17:10:00,0 days 00:00:00,0,1,Thursday
Female,36,22,Cash,2021-01-07,17:06:00,17:06:00,17:11:00,0 days 00:00:00,0,2,Thursday
Female,31,26,Debit Card,2021-01-07,17:08:00,17:08:00,17:14:00,0 days 00:00:00,0,3,Thursday
Female,23,19,Cash,2021-01-07,17:09:00,17:10:00,17:15:00,0 days 00:01:00,1,1,Thursday
Female,59,22,Credit Card,2021-01-07,17:11:00,17:11:00,17:17:00,0 days 00:00:00,0,2,Thursday
Female,54,27,Cash,2021-01-07,17:11:00,17:14:00,17:21:00,0 days 00:03:00,1,3,Thursday
Female,25,24,Cash,2021-01-07,17:15:00,17:15:00,17:20:00,0 days 00:00:00,0,1,Thursday
Male,33,13,Cash,2021-01-07,17:15:00,17:17:00,17:21:00,0 days 00:02:00,1,2,Thursday
Male,63,23,Credit Card,2021-01-07,17:17:00,17:21:00,17:26:00,0 days 00:04:00,1,3,Thursday
Female,21,22,Credit Card,2021-01-07,17:18:00,17:20:00,17:25:00,0 days 00:02:00,1,1,Thursday
Female,17,16,Credit Card,2021-01-07,17:19:00,17:21:00,17:26:00,0 days 00:02:00,1,2,Thursday
Female,36,18,Debit Card,2021-01-07,17:20:00,17:26:00,17:31:00,0 days 00:06:00,2,3,Thursday
Female,28,21,Cash,2021-01-07,17:21:00,17:25:00,17:30:00,0 days 00:04:00,1,1,Thursday
Female,61,14,Debit Card,2021-01-07,17:32:00,17:32:00,17:36:00,0 days 00:00:00,0,1,Thursday
Male,39,14,Cash,2021-01-07,17:35:00,17:35:00,17:39:00,0 days 00:00:00,0,2,Thursday
Female,24,16,Credit Card,2021-01-07,17:36:00,17:36:00,17:40:00,0 days 00:00:00,0,3,Thursday
Male,19,21,Debit Card,2021-01-07,17:38:00,17:38:00,17:42:00,0 days 00:00:00,0,1,Thursday
Female,61,19,Cash,2021-01-07,17:41:00,17:41:00,17:46:00,0 days 00:00:00,0,2,Thursday
Female,48,18,Cash,2021-01-07,17:42:00,17:42:00,17:46:00,0 days 00:00:00,0,3,Thursday
Male,54,27,Cash,2021-01-07,17:42:00,17:42:00,17:48:00,0 days 00:00:00,0,1,Thursday
Male,60,11,Debit Card,2021-01-07,17:44:00,17:46:00,17:49:00,0 days 00:02:00,1,2,Thursday
Female,34,30,Credit Card,2021-01-07,17:48:00,17:48:00,17:54:00,0 days 00:00:00,0,1,Thursday
Female,60,29,Credit Card,2021-01-07,17:51:00,17:51:00,17:58:00,0 days 00:00:00,0,2,Thursday
Male,41,16,Debit Card,2021-01-07,17:53:00,17:53:00,17:57:00,0 days 00:00:00,0,3,Thursday
Female,23,24,Cash,2021-01-07,17:53:00,17:54:00,17:59:00,0 days 00:01:00,1,1,Thursday
Female,38,27,Cash,2021-01-07,17:55:00,17:57:00,18:03:00,0 days 00:02:00,1,3,Thursday
Male,20,12,Cash,2021-01-07,18:33:00,18:33:00,18:37:00,0 days 00:00:00,0,1,Thursday
Female,41,30,Cash,2021-01-07,18:35:00,18:35:00,18:42:00,0 days 00:00:00,0,2,Thursday
Male,63,10,Credit Card,2021-01-07,18:36:00,18:36:00,18:39:00,0 days 00:00:00,0,3,Thursday
Male,15,16,Credit Card,2021-01-07,18:38:00,18:38:00,18:42:00,0 days 00:00:00,0,1,Thursday
Male,30,30,Debit Card,2021-01-07,18:40:00,18:40:00,18:47:00,0 days 00:00:00,0,3,Thursday
Female,29,23,Credit Card,2021-01-07,18:41:00,18:42:00,18:47:00,0 days 00:01:00,1,1,Thursday
Female,63,23,Debit Card,2021-01-07,18:42:00,18:42:00,18:48:00,0 days 00:00:00,0,2,Thursday
Male,60,20,Credit Card,2021-01-07,18:47:00,18:47:00,18:52:00,0 days 00:00:00,0,1,Thursday
Male,49,12,Debit Card,2021-01-07,18:48:00,18:48:00,18:52:00,0 days 00:00:00,0,2,Thursday
Female,27,29,Cash,2021-01-07,18:49:00,18:49:00,18:55:00,0 days 00:00:00,0,3,Thursday
Female,48,21,Debit Card,2021-01-07,18:52:00,18:52:00,18:57:00,0 days 00:00:00,0,1,Thursday
Male,48,29,Cash,2021-01-07,18:52:00,18:52:00,18:59:00,0 days 00:00:00,0,2,Thursday
Male,27,18,Cash,2021-01-07,18:56:00,18:56:00,19:00:00,0 days 00:00:00,0,3,Thursday
Male,20,27,Credit Card,2021-01-08,11:03:00,11:03:00,11:10:00,0 days 00:00:00,0,1,Friday
Female,20,30,Credit Card,2021-01-08,11:04:00,11:04:00,11:12:00,0 days 00:00:00,0,2,Friday
Male,20,28,Cash,2021-01-08,11:04:00,11:04:00,11:11:00,0 days 00:00:00,0,3,Friday
Female,64,12,Cash,2021-01-08,11:05:00,11:10:00,11:14:00,0 days 00:05:00,1,1,Friday
Male,43,14,Debit Card,2021-01-08,11:07:00,11:11:00,11:16:00,0 days 00:04:00,1,3,Friday
Male,52,23,Credit Card,2021-01-08,11:07:00,11:12:00,11:17:00,0 days 00:05:00,1,2,Friday
Female,20,22,Debit Card,2021-01-08,11:08:00,11:14:00,11:19:00,0 days 00:07:00,2,1,Friday
Female,51,17,Credit Card,2021-01-08,11:16:00,11:16:00,11:21:00,0 days 00:00:00,0,3,Friday
Male,63,18,Debit Card,2021-01-08,11:16:00,11:17:00,11:22:00,0 days 00:01:00,1,2,Friday
Male,49,12,Debit Card,2021-01-08,11:17:00,11:19:00,11:23:00,0 days 00:02:00,1,1,Friday
Male,27,12,Credit Card,2021-01-08,11:17:00,11:21:00,11:24:00,0 days 00:04:00,1,3,Friday
Female,40,13,Debit Card,2021-01-08,11:18:00,11:22:00,11:26:00,0 days 00:04:00,1,2,Friday
Male,50,19,Cash,2021-01-08,11:18:00,11:23:00,11:28:00,0 days 00:05:00,2,1,Friday
Female,21,11,Credit Card,2021-01-08,11:19:00,11:24:00,11:27:00,0 days 00:05:00,2,3,Friday
Male,36,23,Credit Card,2021-01-08,11:19:00,11:26:00,11:31:00,0 days 00:07:00,2,2,Friday
Male,62,12,Cash,2021-01-08,11:20:00,11:27:00,11:30:00,0 days 00:07:00,3,3,Friday
Female,50,23,Cash,2021-01-08,12:05:00,12:05:00,12:10:00,0 days 00:00:00,0,1,Friday
Female,28,28,Debit Card,2021-01-08,12:05:00,12:05:00,12:12:00,0 days 00:00:00,0,2,Friday
Male,19,22,Credit Card,2021-01-08,12:06:00,12:06:00,12:11:00,0 days 00:00:00,0,3,Friday
Male,41,27,Credit Card,2021-01-08,12:06:00,12:10:00,12:17:00,0 days 00:04:00,1,1,Friday
Female,36,12,Credit Card,2021-01-08,12:09:00,12:11:00,12:15:00,0 days 00:02:00,1,3,Friday
Female,40,29,Debit Card,2021-01-08,12:09:00,12:12:00,12:20:00,0 days 00:03:00,1,2,Friday
Male,65,21,Cash,2021-01-08,12:10:00,12:15:00,12:20:00,0 days 00:05:00,2,3,Friday
Female,56,26,Cash,2021-01-08,12:11:00,12:17:00,12:23:00,0 days 00:06:00,1,1,Friday
Male,57,28,Cash,2021-01-08,12:11:00,12:20:00,12:28:00,0 days 00:09:00,2,2,Friday
Female,17,26,Cash,2021-01-08,12:12:00,12:20:00,12:27:00,0 days 00:08:00,2,3,Friday
Female,56,23,Credit Card,2021-01-08,12:13:00,12:23:00,12:28:00,0 days 00:10:00,2,1,Friday
Male,39,20,Cash,2021-01-08,12:13:00,12:27:00,12:32:00,0 days 00:14:00,2,3,Friday
Male,37,22,Cash,2021-01-08,12:13:00,12:28:00,12:33:00,0 days 00:15:00,3,1,Friday
Male,43,16,Cash,2021-01-08,12:15:00,12:28:00,12:32:00,0 days 00:13:00,2,2,Friday
Female,25,16,Cash,2021-01-08,12:17:00,12:32:00,12:37:00,0 days 00:15:00,2,2,Friday
Female,37,22,Credit Card,2021-01-08,12:18:00,12:32:00,12:37:00,0 days 00:14:00,3,3,Friday
Female,65,20,Cash,2021-01-08,12:19:00,12:33:00,12:38:00,0 days 00:14:00,3,1,Friday
Female,42,15,Debit Card,2021-01-08,12:19:00,12:37:00,12:41:00,0 days 00:18:00,4,2,Friday
Male,23,10,Cash,2021-01-08,12:20:00,12:37:00,12:40:00,0 days 00:17:00,4,3,Friday
Female,42,23,Cash,2021-01-08,12:41:00,12:41:00,12:46:00,0 days 00:00:00,0,1,Friday
Female,30,27,Cash,2021-01-08,12:45:00,12:45:00,12:52:00,0 days 00:00:00,0,2,Friday
Male,54,19,Debit Card,2021-01-08,12:45:00,12:45:00,12:50:00,0 days 00:00:00,0,3,Friday
Female,63,15,Credit Card,2021-01-08,12:47:00,12:47:00,12:52:00,0 days 00:00:00,0,1,Friday
Male,61,16,Cash,2021-01-08,12:47:00,12:50:00,12:54:00,0 days 00:03:00,1,3,Friday
Female,49,11,Credit Card,2021-01-08,12:49:00,12:52:00,12:55:00,0 days 00:03:00,1,1,Friday
Female,42,25,Credit Card,2021-01-08,12:50:00,12:52:00,12:59:00,0 days 00:02:00,1,2,Friday
Female,35,28,Cash,2021-01-08,12:51:00,12:54:00,13:02:00,0 days 00:03:00,1,3,Friday
Female,49,20,Credit Card,2021-01-08,12:52:00,12:55:00,13:00:00,0 days 00:03:00,2,1,Friday
Male,48,17,Credit Card,2021-01-08,12:54:00,12:59:00,13:03:00,0 days 00:05:00,1,2,Friday
Female,64,26,Credit Card,2021-01-08,12:54:00,13:00:00,13:06:00,0 days 00:06:00,2,1,Friday
Male,39,19,Credit Card,2021-01-08,12:56:00,13:02:00,13:07:00,0 days 00:06:00,1,3,Friday
Female,48,21,Credit Card,2021-01-08,16:01:00,16:01:00,16:06:00,0 days 00:00:00,0,1,Friday
Female,31,10,Credit Card,2021-01-08,16:05:00,16:05:00,16:08:00,0 days 00:00:00,0,2,Friday
Female,32,13,Cash,2021-01-08,16:05:00,16:05:00,16:09:00,0 days 00:00:00,0,3,Friday
Male,47,15,Credit Card,2021-01-08,16:21:00,16:21:00,16:25:00,0 days 00:00:00,0,1,Friday
Female,56,20,Cash,2021-01-08,16:23:00,16:23:00,16:28:00,0 days 00:00:00,0,2,Friday
Female,33,29,Credit Card,2021-01-08,16:23:00,16:23:00,16:31:00,0 days 00:00:00,0,3,Friday
Male,24,19,Cash,2021-01-08,16:25:00,16:25:00,16:30:00,0 days 00:00:00,0,1,Friday
Female,35,26,Cash,2021-01-08,16:28:00,16:28:00,16:34:00,0 days 00:00:00,0,2,Friday
Male,38,12,Cash,2021-01-08,16:29:00,16:30:00,16:34:00,0 days 00:00:00,0,1,Friday
Male,14,13,Cash,2021-01-08,16:30:00,16:31:00,16:35:00,0 days 00:01:00,1,3,Friday
Female,43,17,Credit Card,2021-01-08,16:31:00,16:34:00,16:38:00,0 days 00:03:00,1,1,Friday
Female,50,12,Cash,2021-01-08,16:33:00,16:34:00,16:38:00,0 days 00:01:00,1,2,Friday
Female,55,25,Debit Card,2021-01-08,16:35:00,16:35:00,16:41:00,0 days 00:00:00,0,3,Friday
Female,62,18,Debit Card,2021-01-08,16:38:00,16:38:00,16:43:00,0 days 00:00:00,0,1,Friday
Female,38,23,Cash,2021-01-08,16:45:00,16:45:00,16:50:00,0 days 00:00:00,0,1,Friday
Female,58,16,Cash,2021-01-08,16:51:00,16:51:00,16:55:00,0 days 00:00:00,0,1,Friday
Male,54,11,Cash,2021-01-08,16:53:00,16:53:00,16:56:00,0 days 00:00:00,0,2,Friday
Male,39,26,Debit Card,2021-01-08,16:55:00,16:55:00,17:01:00,0 days 00:00:00,0,1,Friday
Male,63,14,Credit Card,2021-01-08,16:56:00,16:56:00,17:00:00,0 days 00:00:00,0,2,Friday
Male,37,17,Credit Card,2021-01-08,16:56:00,16:56:00,17:01:00,0 days 00:00:00,0,3,Friday
Female,47,26,Credit Card,2021-01-08,17:04:00,17:04:00,17:10:00,0 days 00:00:00,0,1,Friday
Female,46,10,Cash,2021-01-08,17:06:00,17:06:00,17:09:00,0 days 00:00:00,0,2,Friday
Female,34,16,Credit Card,2021-01-08,17:08:00,17:08:00,17:12:00,0 days 00:00:00,0,3,Friday
Female,44,28,Cash,2021-01-08,17:09:00,17:09:00,17:17:00,0 days 00:00:00,0,2,Friday
Female,47,24,Cash,2021-01-08,17:11:00,17:11:00,17:16:00,0 days 00:00:00,0,1,Friday
Female,54,15,Cash,2021-01-08,17:11:00,17:12:00,17:16:00,0 days 00:01:00,1,3,Friday
Female,53,19,Cash,2021-01-08,17:15:00,17:16:00,17:21:00,0 days 00:01:00,1,1,Friday
Male,53,12,Cash,2021-01-08,17:15:00,17:16:00,17:19:00,0 days 00:01:00,1,3,Friday
Male,39,17,Debit Card,2021-01-08,17:17:00,17:17:00,17:21:00,0 days 00:00:00,0,2,Friday
Female,26,15,Cash,2021-01-08,17:18:00,17:19:00,17:23:00,0 days 00:01:00,1,3,Friday
Male,40,25,Credit Card,2021-01-08,17:19:00,17:21:00,17:27:00,0 days 00:02:00,1,1,Friday
Male,65,22,Cash,2021-01-08,17:20:00,17:21:00,17:26:00,0 days 00:01:00,1,2,Friday
Male,51,11,Debit Card,2021-01-08,17:21:00,17:23:00,17:26:00,0 days 00:02:00,1,3,Friday
Female,54,21,Debit Card,2021-01-08,17:32:00,17:32:00,17:37:00,0 days 00:00:00,0,1,Friday
Female,20,20,Debit Card,2021-01-08,17:35:00,17:35:00,17:40:00,0 days 00:00:00,0,2,Friday
Female,43,12,Cash,2021-01-08,17:36:00,17:36:00,17:39:00,0 days 00:00:00,0,3,Friday
Male,47,13,Debit Card,2021-01-08,17:38:00,17:38:00,17:41:00,0 days 00:00:00,0,1,Friday
Female,45,23,Cash,2021-01-08,17:41:00,17:41:00,17:46:00,0 days 00:00:00,0,1,Friday
Female,26,13,Credit Card,2021-01-08,17:42:00,17:42:00,17:45:00,0 days 00:00:00,0,2,Friday
Male,51,17,Cash,2021-01-08,17:42:00,17:42:00,17:46:00,0 days 00:00:00,0,3,Friday
Male,20,13,Cash,2021-01-08,17:44:00,17:45:00,17:49:00,0 days 00:01:00,1,2,Friday
Female,35,18,Debit Card,2021-01-08,17:48:00,17:48:00,17:52:00,0 days 00:00:00,0,1,Friday
Male,38,14,Credit Card,2021-01-08,17:51:00,17:51:00,17:55:00,0 days 00:00:00,0,2,Friday
Female,28,24,Cash,2021-01-08,17:53:00,17:53:00,17:58:00,0 days 00:00:00,0,1,Friday
Female,55,15,Cash,2021-01-08,17:53:00,17:53:00,17:56:00,0 days 00:00:00,0,3,Friday
Female,26,22,Cash,2021-01-08,17:55:00,17:55:00,18:00:00,0 days 00:00:00,0,2,Friday
Female,64,19,Debit Card,2021-01-08,17:57:00,17:57:00,18:02:00,0 days 00:00:00,0,3,Friday
Male,65,21,Cash,2021-01-08,17:58:00,17:58:00,18:03:00,0 days 00:00:00,0,1,Friday
Male,30,21,Debit Card,2021-01-08,18:00:00,18:00:00,18:05:00,0 days 00:00:00,0,2,Friday
Female,26,12,Cash,2021-01-08,18:00:00,18:02:00,18:05:00,0 days 00:02:00,1,3,Friday
Male,33,17,Credit Card,2021-01-08,18:02:00,18:03:00,18:08:00,0 days 00:01:00,1,1,Friday
Female,42,25,Credit Card,2021-01-08,18:03:00,18:05:00,18:12:00,0 days 00:02:00,1,2,Friday
Female,13,24,Cash,2021-01-08,18:09:00,18:09:00,18:16:00,0 days 00:00:00,0,1,Friday
Female,45,13,Debit Card,2021-01-08,19:13:00,19:13:00,19:16:00,0 days 00:00:00,0,1,Friday
Female,33,16,Cash,2021-01-08,19:25:00,19:25:00,19:29:00,0 days 00:00:00,0,1,Friday
Female,64,21,Cash,2021-01-08,19:28:00,19:28:00,19:33:00,0 days 00:00:00,0,2,Friday
Female,64,18,Cash,2021-01-08,19:28:00,19:28:00,19:32:00,0 days 00:00:00,0,3,Friday
Female,38,26,Debit Card,2021-01-08,19:31:00,19:31:00,19:38:00,0 days 00:00:00,0,1,Friday
Female,63,11,Credit Card,2021-01-08,19:34:00,19:34:00,19:37:00,0 days 00:00:00,0,2,Friday
Male,37,29,Cash,2021-01-08,19:41:00,19:41:00,19:49:00,0 days 00:00:00,0,1,Friday
Male,30,21,Cash,2021-01-08,19:42:00,19:42:00,19:47:00,0 days 00:00:00,0,2,Friday
Female,65,18,Cash,2021-01-08,19:42:00,19:42:00,19:47:00,0 days 00:00:00,0,3,Friday
Female,17,24,Credit Card,2021-01-08,19:42:00,19:47:00,19:52:00,0 days 00:05:00,1,2,Friday
Female,19,19,Credit Card,2021-01-08,19:46:00,19:47:00,19:51:00,0 days 00:01:00,1,3,Friday
Female,50,19,Cash,2021-01-08,19:49:00,19:49:00,19:54:00,0 days 00:00:00,0,1,Friday
Male,53,22,Cash,2021-01-08,19:50:00,19:51:00,19:56:00,0 days 00:01:00,1,3,Friday
Male,51,10,Debit Card,2021-01-08,19:51:00,19:52:00,19:55:00,0 days 00:01:00,1,2,Friday
Female,30,23,Cash,2021-01-08,19:54:00,19:54:00,19:59:00,0 days 00:00:00,0,1,Friday
Female,53,16,Credit Card,2021-01-08,19:58:00,19:58:00,20:02:00,0 days 00:00:00,0,2,Friday
Male,39,11,Cash,2021-01-08,19:58:00,19:58:00,20:01:00,0 days 00:00:00,0,3,Friday
Female,53,17,Credit Card,2021-01-08,19:58:00,19:59:00,20:04:00,0 days 00:01:00,1,1,Friday
Female,30,16,Debit Card,2021-01-08,19:58:00,20:01:00,20:05:00,0 days 00:03:00,1,3,Friday
Female,34,26,Cash,2021-01-08,20:00:00,20:04:00,20:10:00,0 days 00:04:00,1,1,Friday
Male,17,11,Cash,2021-01-08,20:10:00,20:10:00,20:14:00,0 days 00:00:00,0,1,Friday
Male,61,23,Cash,2021-01-08,20:11:00,20:11:00,20:16:00,0 days 00:00:00,0,2,Friday
Male,65,10,Cash,2021-01-08,20:30:00,20:30:00,20:33:00,0 days 00:00:00,0,1,Friday
Female,27,25,Cash,2021-01-08,20:30:00,20:30:00,20:35:00,0 days 00:00:00,0,2,Friday
Male,24,20,Cash,2021-01-08,20:35:00,20:35:00,20:40:00,0 days 00:00:00,0,1,Friday
Female,45,25,Credit Card,2021-01-08,20:36:00,20:36:00,20:41:00,0 days 00:00:00,0,2,Friday
Female,53,17,Debit Card,2021-01-08,20:36:00,20:36:00,20:41:00,0 days 00:00:00,0,3,Friday
Female,57,30,Credit Card,2021-01-09,11:03:00,11:03:00,11:10:00,0 days 00:00:00,0,1,Saturday
Male,54,27,Debit Card,2021-01-09,11:04:00,11:04:00,11:10:00,0 days 00:00:00,0,2,Saturday
Female,65,22,Credit Card,2021-01-09,11:04:00,11:04:00,11:09:00,0 days 00:00:00,0,3,Saturday
Female,44,11,Debit Card,2021-01-09,11:05:00,11:09:00,11:13:00,0 days 00:04:00,1,3,Saturday
Male,44,28,Debit Card,2021-01-09,11:07:00,11:10:00,11:16:00,0 days 00:03:00,1,1,Saturday
Male,30,16,Cash,2021-01-09,11:07:00,11:10:00,11:14:00,0 days 00:03:00,1,2,Saturday
Female,37,20,Debit Card,2021-01-09,11:08:00,11:13:00,11:18:00,0 days 00:05:00,2,3,Saturday
Female,21,30,Cash,2021-01-09,11:14:00,11:14:00,11:19:00,0 days 00:00:00,0,1,Saturday
Female,47,24,Cash,2021-01-09,11:16:00,11:16:00,11:22:00,0 days 00:00:00,0,2,Saturday
Female,49,10,Debit Card,2021-01-09,11:17:00,11:18:00,11:21:00,0 days 00:01:00,1,3,Saturday
Male,23,26,Debit Card,2021-01-09,11:17:00,11:19:00,11:24:00,0 days 00:02:00,1,1,Saturday
Female,53,14,Credit Card,2021-01-09,11:18:00,11:22:00,11:27:00,0 days 00:04:00,1,2,Saturday
Male,30,13,Credit Card,2021-01-09,11:18:00,11:21:00,11:24:00,0 days 00:03:00,2,3,Saturday
Male,39,29,Cash,2021-01-09,11:19:00,11:24:00,11:30:00,0 days 00:05:00,2,1,Saturday
Female,46,21,Credit Card,2021-01-09,11:19:00,11:27:00,11:31:00,0 days 00:08:00,2,2,Saturday
Female,24,24,Cash,2021-01-09,11:20:00,11:24:00,11:30:00,0 days 00:04:00,2,3,Saturday
Female,33,17,Cash,2021-01-09,11:20:00,11:30:00,11:34:00,0 days 00:10:00,2,1,Saturday
Male,44,16,Cash,2021-01-09,11:21:00,11:31:00,11:35:00,0 days 00:10:00,2,2,Saturday
Female,27,12,Credit Card,2021-01-09,11:21:00,11:30:00,11:34:00,0 days 00:09:00,3,3,Saturday
Male,62,15,Debit Card,2021-01-09,11:21:00,11:34:00,11:39:00,0 days 00:13:00,3,1,Saturday
Male,48,15,Credit Card,2021-01-09,11:22:00,11:35:00,11:39:00,0 days 00:13:00,4,2,Saturday
Female,54,12,Cash,2021-01-09,11:26:00,11:34:00,11:38:00,0 days 00:08:00,2,3,Saturday
Female,26,19,Cash,2021-01-09,11:29:00,11:39:00,11:43:00,0 days 00:10:00,3,1,Saturday
Male,57,24,Debit Card,2021-01-09,11:30:00,11:39:00,11:45:00,0 days 00:09:00,3,2,Saturday
Female,58,26,Cash,2021-01-09,11:32:00,11:38:00,11:43:00,0 days 00:06:00,2,3,Saturday
Male,17,27,Cash,2021-01-09,11:46:00,11:46:00,11:52:00,0 days 00:00:00,0,1,Saturday
Female,26,12,Cash,2021-01-09,11:47:00,11:47:00,11:51:00,0 days 00:00:00,0,2,Saturday
Female,15,12,Credit Card,2021-01-09,11:47:00,11:47:00,11:51:00,0 days 00:00:00,0,3,Saturday
Male,29,15,Credit Card,2021-01-09,11:49:00,11:51:00,11:55:00,0 days 00:02:00,1,2,Saturday
Female,47,10,Cash,2021-01-09,11:50:00,11:51:00,11:54:00,0 days 00:01:00,1,3,Saturday
Female,20,26,Credit Card,2021-01-09,11:53:00,11:53:00,11:58:00,0 days 00:00:00,0,1,Saturday
Male,19,30,Credit Card,2021-01-09,11:53:00,11:54:00,12:00:00,0 days 00:01:00,1,3,Saturday
Male,23,14,Cash,2021-01-09,11:55:00,11:55:00,11:59:00,0 days 00:00:00,0,2,Saturday
Female,26,30,Credit Card,2021-01-09,11:57:00,11:58:00,12:02:00,0 days 00:01:00,1,1,Saturday
Male,34,18,Credit Card,2021-01-09,12:02:00,12:02:00,12:06:00,0 days 00:00:00,0,1,Saturday
Female,42,12,Debit Card,2021-01-09,12:05:00,12:05:00,12:10:00,0 days 00:00:00,0,2,Saturday
Female,54,24,Cash,2021-01-09,12:05:00,12:05:00,12:11:00,0 days 00:00:00,0,3,Saturday
Male,15,27,Credit Card,2021-01-09,12:05:00,12:06:00,12:12:00,0 days 00:01:00,1,1,Saturday
Female,57,25,Cash,2021-01-09,12:06:00,12:10:00,12:16:00,0 days 00:04:00,1,2,Saturday
Male,65,19,Cash,2021-01-09,12:06:00,12:11:00,12:16:00,0 days 00:05:00,1,3,Saturday
Female,50,19,Credit Card,2021-01-09,12:09:00,12:12:00,12:17:00,0 days 00:03:00,1,1,Saturday
Female,41,29,Credit Card,2021-01-09,12:09:00,12:16:00,12:22:00,0 days 00:07:00,2,2,Saturday
Female,17,22,Credit Card,2021-01-09,12:10:00,12:16:00,12:21:00,0 days 00:06:00,2,3,Saturday
Female,20,12,Debit Card,2021-01-09,12:11:00,12:17:00,12:20:00,0 days 00:06:00,2,1,Saturday
Male,50,30,Debit Card,2021-01-09,12:11:00,12:21:00,12:30:00,0 days 00:10:00,3,3,Saturday
Male,57,15,Credit Card,2021-01-09,12:12:00,12:22:00,12:26:00,0 days 00:10:00,2,2,Saturday
Male,60,24,Credit Card,2021-01-09,12:13:00,12:20:00,12:25:00,0 days 00:07:00,2,1,Saturday
Female,20,30,Credit Card,2021-01-09,12:13:00,12:26:00,12:37:00,0 days 00:13:00,3,3,Saturday
Male,54,16,Credit Card,2021-01-09,12:13:00,12:30:00,12:34:00,0 days 00:17:00,3,2,Saturday
Female,17,18,Debit Card,2021-01-09,12:15:00,12:25:00,12:29:00,0 days 00:10:00,3,1,Saturday
Female,40,12,Debit Card,2021-01-09,12:17:00,12:34:00,12:41:00,0 days 00:17:00,3,3,Saturday
Female,65,24,Cash,2021-01-09,12:18:00,12:37:00,12:43:00,0 days 00:19:00,3,2,Saturday
Female,63,12,Debit Card,2021-01-09,12:19:00,12:29:00,12:33:00,0 days 00:10:00,3,1,Saturday
Male,39,13,Cash,2021-01-09,12:19:00,12:41:00,12:45:00,0 days 00:22:00,4,3,Saturday
Female,47,25,Cash,2021-01-09,12:20:00,12:43:00,12:48:00,0 days 00:23:00,4,2,Saturday
Female,61,21,Credit Card,2021-01-09,12:20:00,12:33:00,12:38:00,0 days 00:13:00,4,1,Saturday
Female,39,24,Cash,2021-01-09,12:20:00,12:45:00,12:50:00,0 days 00:25:00,4,3,Saturday
Female,56,30,Credit Card,2021-01-09,12:24:00,12:48:00,12:54:00,0 days 00:24:00,4,2,Saturday
Male,65,16,Cash,2021-01-09,12:25:00,12:38:00,12:42:00,0 days 00:13:00,4,1,Saturday
Female,63,14,Cash,2021-01-09,12:25:00,12:50:00,12:54:00,0 days 00:25:00,4,3,Saturday
Male,56,14,Cash,2021-01-09,12:26:00,12:54:00,12:58:00,0 days 00:28:00,5,2,Saturday
Male,13,17,Cash,2021-01-09,12:26:00,12:42:00,12:46:00,0 days 00:16:00,4,1,Saturday
Female,28,24,Cash,2021-01-09,12:26:00,12:54:00,12:59:00,0 days 00:28:00,6,3,Saturday
Female,32,14,Credit Card,2021-01-09,12:27:00,12:58:00,13:02:00,0 days 00:31:00,5,2,Saturday
Female,14,21,Debit Card,2021-01-09,12:28:00,12:46:00,12:50:00,0 days 00:18:00,5,1,Saturday
Male,20,23,Cash,2021-01-09,12:29:00,12:59:00,13:05:00,0 days 00:30:00,7,3,Saturday
Female,31,17,Debit Card,2021-01-09,12:30:00,13:02:00,13:06:00,0 days 00:32:00,6,2,Saturday
Male,15,18,Credit Card,2021-01-09,12:31:00,12:50:00,12:54:00,0 days 00:19:00,5,1,Saturday
Female,14,28,Cash,2021-01-09,12:31:00,13:05:00,13:11:00,0 days 00:34:00,7,3,Saturday
Female,41,23,Cash,2021-01-09,12:32:00,13:06:00,13:11:00,0 days 00:34:00,7,2,Saturday
Female,25,17,Credit Card,2021-01-09,12:34:00,12:54:00,12:58:00,0 days 00:20:00,5,1,Saturday
Male,40,22,Cash,2021-01-09,12:36:00,13:11:00,13:16:00,0 days 00:35:00,7,2,Saturday
Male,52,18,Cash,2021-01-09,12:37:00,13:11:00,13:15:00,0 days 00:34:00,8,3,Saturday
Female,46,30,Debit Card,2021-01-09,12:39:00,12:58:00,13:05:00,0 days 00:19:00,5,1,Saturday
Female,41,26,Credit Card,2021-01-09,12:40:00,13:15:00,13:20:00,0 days 00:35:00,8,3,Saturday
Female,62,13,Cash,2021-01-09,12:40:00,13:16:00,13:20:00,0 days 00:36:00,8,2,Saturday
Female,55,27,Credit Card,2021-01-09,12:40:00,13:05:00,13:12:00,0 days 00:25:00,6,1,Saturday
Female,59,26,Cash,2021-01-09,12:41:00,13:20:00,13:28:00,0 days 00:39:00,9,2,Saturday
Female,29,16,Cash,2021-01-09,12:45:00,13:20:00,13:24:00,0 days 00:35:00,8,3,Saturday
Male,41,14,Credit Card,2021-01-09,12:45:00,13:12:00,13:16:00,0 days 00:27:00,6,1,Saturday
Female,59,10,Debit Card,2021-01-09,12:47:00,13:24:00,13:28:00,0 days 00:37:00,8,3,Saturday
Female,34,19,Cash,2021-01-09,12:47:00,13:28:00,13:32:00,0 days 00:41:00,7,2,Saturday
Male,49,10,Cash,2021-01-09,12:49:00,13:16:00,13:19:00,0 days 00:27:00,6,1,Saturday
Female,46,13,Cash,2021-01-09,12:50:00,13:28:00,13:31:00,0 days 00:38:00,9,3,Saturday
Female,34,15,Cash,2021-01-09,12:51:00,13:32:00,13:36:00,0 days 00:41:00,9,2,Saturday
Male,30,14,Cash,2021-01-09,12:52:00,13:19:00,13:23:00,0 days 00:27:00,6,1,Saturday
Female,30,18,Credit Card,2021-01-09,12:54:00,13:31:00,13:35:00,0 days 00:37:00,8,3,Saturday
Male,42,21,Debit Card,2021-01-09,12:54:00,13:36:00,13:41:00,0 days 00:42:00,10,2,Saturday
Female,58,19,Credit Card,2021-01-09,16:01:00,16:01:00,16:05:00,0 days 00:00:00,0,1,Saturday
Male,63,15,Credit Card,2021-01-09,16:05:00,16:05:00,16:10:00,0 days 00:00:00,0,2,Saturday
Male,21,15,Cash,2021-01-09,16:05:00,16:05:00,16:09:00,0 days 00:00:00,0,3,Saturday
Female,16,20,Credit Card,2021-01-09,16:05:00,16:05:00,16:10:00,0 days 00:00:00,0,1,Saturday
Female,41,23,Cash,2021-01-09,16:09:00,16:09:00,16:14:00,0 days 00:00:00,0,3,Saturday
Female,39,19,Credit Card,2021-01-09,16:10:00,16:10:00,16:14:00,0 days 00:00:00,0,2,Saturday
Female,21,28,Cash,2021-01-09,16:10:00,16:10:00,16:16:00,0 days 00:00:00,0,1,Saturday
Female,35,18,Cash,2021-01-09,16:14:00,16:14:00,16:19:00,0 days 00:00:00,0,2,Saturday
Male,32,26,Cash,2021-01-09,16:14:00,16:14:00,16:20:00,0 days 00:00:00,0,3,Saturday
Female,27,29,Debit Card,2021-01-09,16:16:00,16:16:00,16:22:00,0 days 00:00:00,0,1,Saturday
Female,21,17,Cash,2021-01-09,16:19:00,16:19:00,16:23:00,0 days 00:00:00,0,2,Saturday
Female,54,29,Credit Card,2021-01-09,16:20:00,16:20:00,16:26:00,0 days 00:00:00,0,3,Saturday
Female,33,12,Cash,2021-01-09,17:04:00,17:04:00,17:08:00,0 days 00:00:00,0,1,Saturday
Female,38,11,Cash,2021-01-09,17:06:00,17:06:00,17:09:00,0 days 00:00:00,0,2,Saturday
Female,27,10,Credit Card,2021-01-09,17:08:00,17:08:00,17:11:00,0 days 00:00:00,0,3,Saturday
Male,48,27,Cash,2021-01-09,17:09:00,17:09:00,17:15:00,0 days 00:00:00,0,1,Saturday
Male,51,15,Cash,2021-01-09,17:11:00,17:11:00,17:15:00,0 days 00:00:00,0,2,Saturday
Male,25,16,Cash,2021-01-09,17:11:00,17:11:00,17:16:00,0 days 00:00:00,0,3,Saturday
Female,54,25,Credit Card,2021-01-09,19:13:00,19:13:00,19:19:00,0 days 00:00:00,0,1,Saturday
Female,20,12,Credit Card,2021-01-09,19:25:00,19:25:00,19:28:00,0 days 00:00:00,0,2,Saturday
Female,29,10,Credit Card,2021-01-09,19:28:00,19:28:00,19:31:00,0 days 00:00:00,0,3,Saturday
Female,31,15,Cash,2021-01-09,19:28:00,19:28:00,19:31:00,0 days 00:00:00,0,2,Saturday
Female,37,28,Cash,2021-01-09,19:31:00,19:31:00,19:38:00,0 days 00:00:00,0,1,Saturday
Male,13,29,Cash,2021-01-09,19:34:00,19:34:00,19:40:00,0 days 00:00:00,0,2,Saturday
Female,43,15,Cash,2021-01-09,19:41:00,19:41:00,19:45:00,0 days 00:00:00,0,1,Saturday
Female,33,21,Credit Card,2021-01-09,19:42:00,19:42:00,19:47:00,0 days 00:00:00,0,2,Saturday
Female,64,24,Debit Card,2021-01-09,19:42:00,19:42:00,19:48:00,0 days 00:00:00,0,3,Saturday
Male,23,21,Cash,2021-01-10,11:17:00,11:17:00,11:23:00,0 days 00:00:00,0,1,Sunday
Female,50,20,Credit Card,2021-01-10,11:17:00,11:17:00,11:23:00,0 days 00:00:00,0,2,Sunday
Male,27,22,Credit Card,2021-01-10,11:18:00,11:18:00,11:24:00,0 days 00:00:00,0,3,Sunday
Male,44,10,Debit Card,2021-01-10,11:18:00,11:23:00,11:27:00,0 days 00:05:00,1,1,Sunday
Male,16,29,Credit Card,2021-01-10,11:19:00,11:23:00,11:30:00,0 days 00:04:00,1,2,Sunday
Female,17,10,Credit Card,2021-01-10,11:19:00,11:24:00,11:27:00,0 days 00:05:00,1,3,Sunday
Female,39,26,Debit Card,2021-01-10,11:20:00,11:27:00,11:35:00,0 days 00:07:00,2,1,Sunday
Female,46,26,Credit Card,2021-01-10,11:20:00,11:27:00,11:34:00,0 days 00:07:00,2,3,Sunday
Male,34,26,Cash,2021-01-10,11:21:00,11:30:00,11:37:00,0 days 00:09:00,2,2,Sunday
Female,35,28,Credit Card,2021-01-10,11:21:00,11:34:00,11:41:00,0 days 00:13:00,3,3,Sunday
Male,26,21,Cash,2021-01-10,11:21:00,11:35:00,11:41:00,0 days 00:14:00,3,1,Sunday
Female,47,10,Cash,2021-01-10,11:22:00,11:37:00,11:40:00,0 days 00:15:00,3,2,Sunday
Male,58,26,Credit Card,2021-01-10,11:26:00,11:40:00,11:48:00,0 days 00:14:00,2,2,Sunday
Male,13,14,Cash,2021-01-10,11:29:00,11:41:00,11:45:00,0 days 00:12:00,2,1,Sunday
Male,37,15,Cash,2021-01-10,11:30:00,11:41:00,11:46:00,0 days 00:11:00,2,3,Sunday
Female,22,30,Credit Card,2021-01-10,11:32:00,11:45:00,11:52:00,0 days 00:12:00,3,1,Sunday
Female,56,24,Credit Card,2021-01-10,11:33:00,11:46:00,11:53:00,0 days 00:13:00,3,3,Sunday
Male,52,12,Cash,2021-01-10,11:35:00,11:48:00,11:52:00,0 days 00:13:00,3,2,Sunday
Male,21,14,Cash,2021-01-10,11:35:00,11:52:00,11:56:00,0 days 00:17:00,4,1,Sunday
Female,26,24,Credit Card,2021-01-10,11:35:00,11:52:00,11:58:00,0 days 00:17:00,4,2,Sunday
Female,18,17,Cash,2021-01-10,11:37:00,11:53:00,11:58:00,0 days 00:16:00,3,3,Sunday
Male,22,12,Cash,2021-01-10,11:40:00,11:56:00,12:00:00,0 days 00:16:00,4,1,Sunday
Female,19,29,Cash,2021-01-10,11:40:00,11:58:00,12:05:00,0 days 00:18:00,4,2,Sunday
Male,45,29,Cash,2021-01-10,11:43:00,11:58:00,12:06:00,0 days 00:15:00,3,3,Sunday
Male,62,16,Debit Card,2021-01-10,11:44:00,12:00:00,12:05:00,0 days 00:16:00,4,1,Sunday
Female,26,27,Cash,2021-01-10,11:45:00,12:05:00,12:12:00,0 days 00:20:00,4,2,Sunday
Female,33,11,Cash,2021-01-10,11:46:00,12:05:00,12:09:00,0 days 00:19:00,4,1,Sunday
Male,31,21,Cash,2021-01-10,11:46:00,12:06:00,12:13:00,0 days 00:20:00,4,3,Sunday
Female,30,25,Debit Card,2021-01-10,11:47:00,12:09:00,12:16:00,0 days 00:22:00,4,1,Sunday
Female,36,15,Debit Card,2021-01-10,11:47:00,12:12:00,12:17:00,0 days 00:25:00,5,2,Sunday
Male,49,12,Credit Card,2021-01-10,11:49:00,12:13:00,12:18:00,0 days 00:24:00,4,3,Sunday
Male,64,24,Credit Card,2021-01-10,11:50:00,12:16:00,12:23:00,0 days 00:26:00,6,1,Sunday
Female,36,18,Credit Card,2021-01-10,11:53:00,12:17:00,12:21:00,0 days 00:24:00,4,2,Sunday
Male,13,12,Credit Card,2021-01-10,11:53:00,12:18:00,12:21:00,0 days 00:25:00,5,3,Sunday
Female,59,19,Cash,2021-01-10,11:56:00,12:21:00,12:27:00,0 days 00:25:00,5,2,Sunday
Male,14,17,Credit Card,2021-01-10,11:57:00,12:21:00,12:26:00,0 days 00:24:00,5,3,Sunday
Female,57,28,Cash,2021-01-10,12:02:00,12:23:00,12:31:00,0 days 00:22:00,4,1,Sunday
Female,28,14,Cash,2021-01-10,12:05:00,12:26:00,12:30:00,0 days 00:21:00,5,3,Sunday
Male,13,27,Cash,2021-01-10,12:05:00,12:27:00,12:34:00,0 days 00:22:00,5,2,Sunday
Female,63,10,Cash,2021-01-10,12:05:00,12:30:00,12:35:00,0 days 00:25:00,6,3,Sunday
Female,40,12,Cash,2021-01-10,12:06:00,12:31:00,12:35:00,0 days 00:25:00,4,1,Sunday
Female,14,29,Cash,2021-01-10,12:06:00,12:34:00,12:42:00,0 days 00:28:00,5,2,Sunday
Male,18,22,Debit Card,2021-01-10,12:09:00,12:35:00,12:41:00,0 days 00:26:00,6,3,Sunday
Female,50,19,Cash,2021-01-10,12:09:00,12:35:00,12:41:00,0 days 00:26:00,5,1,Sunday
Female,50,23,Debit Card,2021-01-10,12:10:00,12:41:00,12:49:00,0 days 00:31:00,5,1,Sunday
Male,37,25,Cash,2021-01-10,12:11:00,12:41:00,12:48:00,0 days 00:30:00,7,3,Sunday
Male,57,18,Credit Card,2021-01-10,12:11:00,12:42:00,12:48:00,0 days 00:31:00,6,2,Sunday
Male,60,15,Cash,2021-01-10,12:12:00,12:48:00,12:53:00,0 days 00:36:00,7,2,Sunday
Female,53,13,Debit Card,2021-01-10,12:13:00,12:48:00,12:52:00,0 days 00:35:00,8,3,Sunday
Female,47,14,Credit Card,2021-01-10,12:13:00,12:49:00,12:52:00,0 days 00:36:00,6,1,Sunday
Female,54,23,Credit Card,2021-01-10,12:13:00,12:52:00,12:58:00,0 days 00:39:00,7,1,Sunday
Female,18,14,Cash,2021-01-10,12:15:00,12:52:00,12:56:00,0 days 00:37:00,8,3,Sunday
Female,55,24,Cash,2021-01-10,12:17:00,12:53:00,13:00:00,0 days 00:36:00,7,2,Sunday
Male,50,16,Cash,2021-01-10,12:18:00,12:56:00,13:02:00,0 days 00:38:00,9,3,Sunday
Female,22,14,Cash,2021-01-10,12:19:00,12:58:00,13:02:00,0 days 00:39:00,7,1,Sunday
Male,19,26,Debit Card,2021-01-10,12:19:00,13:00:00,13:06:00,0 days 00:41:00,7,2,Sunday
Female,16,10,Cash,2021-01-10,12:20:00,13:02:00,13:05:00,0 days 00:42:00,8,1,Sunday
Male,56,10,Cash,2021-01-10,12:20:00,13:02:00,13:06:00,0 days 00:42:00,9,3,Sunday
Male,26,29,Cash,2021-01-10,12:20:00,13:05:00,13:12:00,0 days 00:45:00,9,1,Sunday
Female,33,12,Cash,2021-01-10,12:24:00,13:06:00,13:09:00,0 days 00:42:00,7,2,Sunday
Female,16,30,Debit Card,2021-01-10,12:25:00,13:06:00,13:13:00,0 days 00:41:00,9,3,Sunday
Male,20,10,Cash,2021-01-10,12:25:00,13:09:00,13:12:00,0 days 00:43:00,8,2,Sunday
Female,26,21,Credit Card,2021-01-10,12:26:00,13:12:00,13:17:00,0 days 00:46:00,9,1,Sunday
Female,58,12,Cash,2021-01-10,12:26:00,13:12:00,13:16:00,0 days 00:46:00,9,2,Sunday
Male,65,26,Cash,2021-01-10,12:26:00,13:13:00,13:21:00,0 days 00:47:00,10,3,Sunday
Male,56,21,Debit Card,2021-01-10,12:45:00,13:16:00,13:23:00,0 days 00:31:00,7,2,Sunday
Male,13,12,Credit Card,2021-01-10,12:45:00,13:17:00,13:20:00,0 days 00:32:00,7,1,Sunday
Female,26,11,Credit Card,2021-01-10,12:47:00,13:20:00,13:23:00,0 days 00:33:00,8,1,Sunday
Male,25,17,Cash,2021-01-10,12:47:00,13:21:00,13:26:00,0 days 00:34:00,7,3,Sunday
Female,39,22,Debit Card,2021-01-10,12:49:00,13:23:00,13:29:00,0 days 00:34:00,9,1,Sunday
Male,52,23,Credit Card,2021-01-10,12:50:00,13:23:00,13:29:00,0 days 00:33:00,7,2,Sunday
Male,40,18,Cash,2021-01-10,12:51:00,13:26:00,13:31:00,0 days 00:35:00,7,3,Sunday
Female,52,15,Cash,2021-01-10,12:52:00,13:29:00,13:35:00,0 days 00:37:00,9,1,Sunday
Female,23,19,Cash,2021-01-10,12:54:00,13:29:00,13:35:00,0 days 00:35:00,7,2,Sunday
Female,56,22,Cash,2021-01-10,12:54:00,13:31:00,13:38:00,0 days 00:37:00,7,3,Sunday
Male,62,19,Cash,2021-01-10,12:56:00,13:35:00,13:41:00,0 days 00:39:00,9,1,Sunday
Female,53,28,Debit Card,2021-01-10,16:01:00,16:01:00,16:09:00,0 days 00:00:00,0,1,Sunday
Female,43,19,Debit Card,2021-01-10,16:05:00,16:05:00,16:11:00,0 days 00:00:00,0,2,Sunday
Male,30,29,Debit Card,2021-01-10,16:05:00,16:05:00,16:12:00,0 days 00:00:00,0,3,Sunday
Female,23,20,Cash,2021-01-10,16:21:00,16:21:00,16:27:00,0 days 00:00:00,0,1,Sunday
Male,44,21,Cash,2021-01-10,16:23:00,16:23:00,16:30:00,0 days 00:00:00,0,2,Sunday
Female,62,12,Debit Card,2021-01-10,16:23:00,16:23:00,16:28:00,0 days 00:00:00,0,3,Sunday
Male,23,11,Debit Card,2021-01-10,16:25:00,16:27:00,16:30:00,0 days 00:02:00,1,1,Sunday
Male,51,14,Credit Card,2021-01-10,16:28:00,16:28:00,16:33:00,0 days 00:00:00,0,3,Sunday
Male,63,25,Credit Card,2021-01-10,16:29:00,16:30:00,16:37:00,0 days 00:01:00,1,1,Sunday
Female,14,20,Cash,2021-01-10,16:30:00,16:30:00,16:35:00,0 days 00:00:00,0,2,Sunday
Female,60,13,Debit Card,2021-01-10,16:31:00,16:33:00,16:38:00,0 days 00:02:00,1,3,Sunday
Female,20,26,Debit Card,2021-01-10,16:33:00,16:35:00,16:42:00,0 days 00:02:00,1,2,Sunday
Female,16,27,Credit Card,2021-01-10,16:35:00,16:37:00,16:44:00,0 days 00:02:00,1,1,Sunday
Female,49,16,Debit Card,2021-01-10,16:38:00,16:38:00,16:44:00,0 days 00:00:00,0,3,Sunday
Male,61,13,Cash,2021-01-10,16:45:00,16:45:00,16:51:00,0 days 00:00:00,0,1,Sunday
Male,42,18,Cash,2021-01-10,16:51:00,16:51:00,16:57:00,0 days 00:00:00,0,2,Sunday
Female,22,30,Cash,2021-01-10,16:53:00,16:53:00,17:00:00,0 days 00:00:00,0,3,Sunday
Female,63,21,Cash,2021-01-10,16:55:00,16:55:00,17:02:00,0 days 00:00:00,0,1,Sunday
Male,38,18,Cash,2021-01-10,16:56:00,16:57:00,17:03:00,0 days 00:01:00,1,2,Sunday
Male,16,22,Debit Card,2021-01-10,16:56:00,17:00:00,17:06:00,0 days 00:04:00,1,3,Sunday
Female,40,26,Debit Card,2021-01-10,17:04:00,17:04:00,17:11:00,0 days 00:00:00,0,1,Sunday
Male,29,12,Credit Card,2021-01-10,17:06:00,17:06:00,17:08:00,0 days 00:00:00,0,2,Sunday
Male,33,30,Credit Card,2021-01-10,17:08:00,17:08:00,17:16:00,0 days 00:00:00,0,3,Sunday
Male,41,25,Cash,2021-01-10,17:09:00,17:09:00,17:17:00,0 days 00:00:00,0,2,Sunday
Male,13,29,Debit Card,2021-01-10,17:11:00,17:11:00,17:18:00,0 days 00:00:00,0,1,Sunday
Female,15,14,Debit Card,2021-01-10,17:11:00,17:16:00,17:20:00,0 days 00:05:00,1,3,Sunday
Male,34,26,Debit Card,2021-01-10,18:22:00,18:22:00,18:29:00,0 days 00:00:00,0,1,Sunday
Female,50,14,Debit Card,2021-01-10,18:22:00,18:22:00,18:27:00,0 days 00:00:00,0,2,Sunday
Male,50,12,Credit Card,2021-01-10,18:25:00,18:25:00,18:31:00,0 days 00:00:00,0,3,Sunday
Female,63,30,Credit Card,2021-01-10,18:27:00,18:27:00,18:36:00,0 days 00:00:00,0,2,Sunday
Female,49,18,Credit Card,2021-01-10,18:28:00,18:29:00,18:35:00,0 days 00:01:00,1,1,Sunday
Female,48,27,Credit Card,2021-01-10,18:33:00,18:33:00,18:41:00,0 days 00:00:00,0,3,Sunday
Male,17,12,Cash,2021-01-10,18:35:00,18:35:00,18:40:00,0 days 00:00:00,0,1,Sunday
Female,23,14,Cash,2021-01-10,18:36:00,18:36:00,18:41:00,0 days 00:00:00,0,2,Sunday
Female,41,13,Debit Card,2021-01-10,18:38:00,18:40:00,18:44:00,0 days 00:02:00,1,1,Sunday
Female,19,20,Credit Card,2021-01-10,18:40:00,18:41:00,18:47:00,0 days 00:01:00,1,3,Sunday
Female,41,15,Cash,2021-01-10,18:41:00,18:41:00,18:46:00,0 days 00:00:00,0,2,Sunday
Female,47,10,Cash,2021-01-10,18:42:00,18:44:00,18:48:00,0 days 00:02:00,1,1,Sunday
Male,56,24,Cash,2021-01-10,18:47:00,18:47:00,18:55:00,0 days 00:00:00,0,2,Sunday
Male,20,18,Debit Card,2021-01-10,18:48:00,18:48:00,18:53:00,0 days 00:00:00,0,3,Sunday
Female,59,13,Cash,2021-01-10,18:49:00,18:49:00,18:54:00,0 days 00:00:00,0,1,Sunday
Female,55,10,Debit Card,2021-01-10,18:52:00,18:53:00,18:57:00,0 days 00:01:00,1,3,Sunday
Female,48,17,Credit Card,2021-01-10,18:53:00,18:54:00,18:59:00,0 days 00:01:00,1,1,Sunday
Male,32,10,Credit Card,2021-01-10,18:56:00,18:56:00,19:00:00,0 days 00:00:00,0,2,Sunday
Female,51,24,Credit Card,2021-01-10,18:57:00,18:57:00,19:04:00,0 days 00:00:00,0,3,Sunday
Male,46,15,Credit Card,2021-01-10,19:01:00,19:01:00,19:06:00,0 days 00:00:00,0,1,Sunday
Female,32,18,Cash,2021-01-10,19:01:00,19:01:00,19:05:00,0 days 00:00:00,0,2,Sunday
Male,37,29,Cash,2021-01-10,19:04:00,19:04:00,19:13:00,0 days 00:00:00,0,3,Sunday
Female,51,19,Cash,2021-01-10,19:34:00,19:34:00,19:40:00,0 days 00:00:00,0,1,Sunday
Female,63,20,Cash,2021-01-10,19:41:00,19:41:00,19:48:00,0 days 00:00:00,0,1,Sunday
Male,46,17,Cash,2021-01-10,19:42:00,19:42:00,19:47:00,0 days 00:00:00,0,2,Sunday
Female,24,21,Debit Card,2021-01-10,19:42:00,19:42:00,19:48:00,0 days 00:00:00,0,3,Sunday
Female,60,13,Cash,2021-01-10,19:42:00,19:47:00,19:53:00,0 days 00:05:00,1,2,Sunday
Male,15,30,Credit Card,2021-01-10,19:46:00,19:48:00,19:55:00,0 days 00:02:00,1,1,Sunday
Female,16,27,Debit Card,2021-01-10,19:49:00,19:49:00,19:56:00,0 days 00:00:00,0,3,Sunday
Female,54,12,Cash,2021-01-10,19:50:00,19:53:00,19:58:00,0 days 00:03:00,1,2,Sunday
Male,17,26,Credit Card,2021-01-11,11:03:00,11:03:00,11:09:00,0 days 00:00:00,0,1,Monday
Male,64,12,Cash,2021-01-11,11:04:00,11:04:00,11:09:00,0 days 00:00:00,0,2,Monday
Male,62,25,Cash,2021-01-11,11:04:00,11:04:00,11:12:00,0 days 00:00:00,0,3,Monday
Female,55,13,Cash,2021-01-11,11:05:00,11:09:00,11:13:00,0 days 00:04:00,1,1,Monday
Male,17,19,Credit Card,2021-01-11,11:07:00,11:09:00,11:14:00,0 days 00:02:00,1,2,Monday
Female,24,17,Cash,2021-01-11,11:07:00,11:12:00,11:17:00,0 days 00:05:00,1,3,Monday
Female,40,26,Debit Card,2021-01-11,11:08:00,11:13:00,11:20:00,0 days 00:05:00,2,1,Monday
Male,58,22,Cash,2021-01-11,11:14:00,11:14:00,11:20:00,0 days 00:00:00,0,2,Monday
Female,23,13,Cash,2021-01-11,11:16:00,11:17:00,11:21:00,0 days 00:01:00,1,3,Monday
Female,27,29,Cash,2021-01-11,11:17:00,11:20:00,11:27:00,0 days 00:03:00,1,1,Monday
Female,43,12,Debit Card,2021-01-11,11:17:00,11:20:00,11:24:00,0 days 00:03:00,1,2,Monday
Male,24,16,Cash,2021-01-11,11:18:00,11:21:00,11:25:00,0 days 00:03:00,1,3,Monday
Female,64,15,Cash,2021-01-11,11:18:00,11:24:00,11:28:00,0 days 00:06:00,2,2,Monday
Male,38,13,Cash,2021-01-11,11:19:00,11:25:00,11:29:00,0 days 00:06:00,2,3,Monday
Female,28,27,Debit Card,2021-01-11,11:19:00,11:27:00,11:33:00,0 days 00:08:00,2,1,Monday
Female,38,30,Credit Card,2021-01-11,11:20:00,11:28:00,11:34:00,0 days 00:08:00,3,2,Monday
Male,40,25,Cash,2021-01-11,11:20:00,11:29:00,11:36:00,0 days 00:09:00,3,3,Monday
Female,53,19,Cash,2021-01-11,11:21:00,11:33:00,11:38:00,0 days 00:12:00,3,1,Monday
Female,23,16,Credit Card,2021-01-11,11:21:00,11:34:00,11:38:00,0 days 00:13:00,4,2,Monday
Female,49,21,Cash,2021-01-11,11:21:00,11:36:00,11:42:00,0 days 00:15:00,3,3,Monday
Female,17,19,Cash,2021-01-11,11:22:00,11:38:00,11:42:00,0 days 00:16:00,3,1,Monday
Female,57,11,Credit Card,2021-01-11,11:26:00,11:38:00,11:41:00,0 days 00:12:00,3,2,Monday
Female,19,10,Cash,2021-01-11,11:29:00,11:42:00,11:45:00,0 days 00:13:00,3,1,Monday
Male,13,16,Cash,2021-01-11,11:30:00,11:42:00,11:46:00,0 days 00:12:00,2,3,Monday
Female,21,15,Debit Card,2021-01-11,11:32:00,11:41:00,11:45:00,0 days 00:09:00,3,2,Monday
Female,56,20,Cash,2021-01-11,11:33:00,11:45:00,11:49:00,0 days 00:12:00,4,1,Monday
Female,32,15,Cash,2021-01-11,11:35:00,11:46:00,11:50:00,0 days 00:11:00,3,3,Monday
Male,29,28,Debit Card,2021-01-11,11:35:00,11:45:00,11:51:00,0 days 00:10:00,1,2,Monday
Female,47,16,Credit Card,2021-01-11,11:35:00,11:49:00,11:53:00,0 days 00:14:00,4,1,Monday
Female,63,12,Credit Card,2021-01-11,11:37:00,11:50:00,11:54:00,0 days 00:13:00,3,3,Monday
Female,44,20,Cash,2021-01-11,11:40:00,11:51:00,11:55:00,0 days 00:11:00,3,2,Monday
Female,13,25,Credit Card,2021-01-11,11:40:00,11:53:00,11:59:00,0 days 00:13:00,4,1,Monday
Female,29,11,Cash,2021-01-11,11:43:00,11:54:00,11:58:00,0 days 00:11:00,3,3,Monday
Male,52,26,Credit Card,2021-01-11,11:44:00,11:55:00,12:01:00,0 days 00:11:00,3,2,Monday
Female,47,25,Debit Card,2021-01-11,11:45:00,11:58:00,12:04:00,0 days 00:13:00,4,3,Monday
Female,23,22,Credit Card,2021-01-11,23:59:00,11:59:00,12:05:00,0 days 00:00:00,0,1,Monday
Male,19,26,Debit Card,2021-01-11,12:12:00,12:12:00,12:19:00,0 days 00:00:00,0,1,Monday
Female,45,11,Cash,2021-01-11,12:12:00,12:12:00,12:16:00,0 days 00:00:00,0,2,Monday
Female,35,11,Cash,2021-01-11,12:13:00,12:13:00,12:16:00,0 days 00:00:00,0,3,Monday
Female,34,19,Credit Card,2021-01-11,12:13:00,12:16:00,12:20:00,0 days 00:03:00,1,2,Monday
Female,28,26,Cash,2021-01-11,12:13:00,12:16:00,12:23:00,0 days 00:03:00,1,3,Monday
Male,40,22,Credit Card,2021-01-11,12:15:00,12:19:00,12:24:00,0 days 00:04:00,1,1,Monday
Female,24,22,Credit Card,2021-01-11,12:17:00,12:20:00,12:25:00,0 days 00:03:00,1,2,Monday
Female,25,17,Cash,2021-01-11,12:18:00,12:23:00,12:27:00,0 days 00:05:00,1,3,Monday
Female,52,13,Debit Card,2021-01-11,12:19:00,12:24:00,12:28:00,0 days 00:05:00,2,1,Monday
Female,27,24,Credit Card,2021-01-11,12:19:00,12:25:00,12:32:00,0 days 00:06:00,2,2,Monday
Female,41,15,Cash,2021-01-11,12:20:00,12:27:00,12:31:00,0 days 00:07:00,2,3,Monday
Female,62,11,Cash,2021-01-11,12:20:00,12:28:00,12:32:00,0 days 00:08:00,2,1,Monday
Female,61,27,Cash,2021-01-11,12:20:00,12:31:00,12:37:00,0 days 00:09:00,3,3,Monday
Female,36,30,Debit Card,2021-01-11,12:24:00,12:32:00,12:38:00,0 days 00:08:00,3,1,Monday
Female,14,13,Credit Card,2021-01-11,12:25:00,12:32:00,12:36:00,0 days 00:07:00,2,2,Monday
Male,65,14,Credit Card,2021-01-11,12:25:00,12:36:00,12:40:00,0 days 00:11:00,3,2,Monday
Female,14,18,Debit Card,2021-01-11,12:26:00,12:37:00,12:42:00,0 days 00:11:00,3,3,Monday
Female,63,13,Cash,2021-01-11,12:26:00,12:38:00,12:42:00,0 days 00:12:00,3,1,Monday
Male,26,23,Debit Card,2021-01-11,12:26:00,12:40:00,12:45:00,0 days 00:14:00,3,2,Monday
Male,39,20,Credit Card,2021-01-11,12:27:00,12:42:00,12:47:00,0 days 00:15:00,4,1,Monday
Female,34,20,Credit Card,2021-01-11,12:28:00,12:42:00,12:47:00,0 days 00:14:00,3,3,Monday
Female,51,16,Cash,2021-01-11,12:29:00,12:45:00,12:49:00,0 days 00:16:00,4,2,Monday
Female,29,29,Credit Card,2021-01-11,12:30:00,12:47:00,12:53:00,0 days 00:17:00,4,1,Monday
Female,57,12,Cash,2021-01-11,12:31:00,12:47:00,12:50:00,0 days 00:16:00,4,3,Monday
Female,55,29,Credit Card,2021-01-11,12:31:00,12:49:00,12:54:00,0 days 00:18:00,5,2,Monday
Male,36,28,Credit Card,2021-01-11,12:32:00,12:50:00,12:56:00,0 days 00:18:00,4,3,Monday
Female,35,11,Cash,2021-01-11,12:34:00,12:53:00,12:57:00,0 days 00:19:00,4,1,Monday
Female,47,20,Cash,2021-01-11,12:36:00,12:54:00,12:59:00,0 days 00:18:00,5,2,Monday
Male,65,30,Cash,2021-01-11,12:36:00,12:56:00,13:02:00,0 days 00:20:00,5,3,Monday
Female,17,15,Cash,2021-01-11,12:39:00,12:57:00,13:01:00,0 days 00:18:00,4,1,Monday
Male,43,28,Credit Card,2021-01-11,12:40:00,12:59:00,13:05:00,0 days 00:19:00,5,2,Monday
Female,26,11,Credit Card,2021-01-11,12:40:00,13:02:00,13:06:00,0 days 00:22:00,5,3,Monday
Male,58,25,Cash,2021-01-11,12:40:00,13:01:00,13:07:00,0 days 00:21:00,5,1,Monday
Male,28,14,Debit Card,2021-01-11,12:41:00,13:05:00,13:09:00,0 days 00:14:00,5,2,Monday
Female,48,26,Cash,2021-01-11,12:45:00,13:06:00,13:12:00,0 days 00:21:00,5,3,Monday
Female,65,15,Cash,2021-01-11,12:45:00,13:07:00,13:12:00,0 days 00:22:00,5,1,Monday
Female,32,16,Cash,2021-01-11,12:47:00,13:09:00,13:14:00,0 days 00:22:00,5,2,Monday
Female,16,20,Cash,2021-01-11,12:47:00,13:12:00,13:17:00,0 days 00:25:00,6,1,Monday
Male,25,29,Cash,2021-01-11,12:49:00,13:12:00,13:18:00,0 days 00:23:00,5,3,Monday
Male,13,14,Credit Card,2021-01-11,12:50:00,13:14:00,13:17:00,0 days 00:24:00,5,2,Monday
Male,36,10,Cash,2021-01-11,12:51:00,13:17:00,13:20:00,0 days 00:26:00,6,1,Monday
Female,23,25,Cash,2021-01-11,12:52:00,13:18:00,13:23:00,0 days 00:26:00,5,3,Monday
Female,24,13,Debit Card,2021-01-11,12:54:00,13:17:00,13:20:00,0 days 00:23:00,6,2,Monday
Female,64,28,Cash,2021-01-11,12:54:00,13:20:00,13:27:00,0 days 00:26:00,6,1,Monday
Female,32,28,Credit Card,2021-01-11,12:56:00,13:23:00,13:29:00,0 days 00:27:00,6,3,Monday
Female,61,19,Cash,2021-01-11,16:30:00,16:30:00,16:35:00,0 days 00:00:00,0,1,Monday
Male,42,24,Debit Card,2021-01-11,16:32:00,16:32:00,16:38:00,0 days 00:00:00,0,2,Monday
Male,63,11,Debit Card,2021-01-11,16:34:00,16:34:00,16:40:00,0 days 00:00:00,0,3,Monday
Female,15,22,Credit Card,2021-01-11,16:37:00,16:37:00,16:42:00,0 days 00:00:00,0,1,Monday
Male,40,25,Debit Card,2021-01-11,16:39:00,16:39:00,16:45:00,0 days 00:00:00,0,2,Monday
Male,47,16,Credit Card,2021-01-11,16:41:00,16:41:00,16:45:00,0 days 00:00:00,0,3,Monday
Female,18,14,Cash,2021-01-11,16:43:00,16:43:00,16:48:00,0 days 00:00:00,0,1,Monday
Female,39,22,Cash,2021-01-11,16:45:00,16:45:00,16:50:00,0 days 00:00:00,0,2,Monday
Female,44,12,Credit Card,2021-01-11,16:47:00,16:47:00,16:50:00,0 days 00:00:00,0,3,Monday
Female,45,14,Cash,2021-01-11,16:50:00,16:50:00,16:54:00,0 days 00:00:00,0,1,Monday
Female,43,28,Cash,2021-01-11,16:52:00,16:52:00,16:58:00,0 days 00:00:00,0,2,Monday
Female,33,20,Credit Card,2021-01-11,16:54:00,16:54:00,16:59:00,0 days 00:00:00,0,3,Monday
Female,14,16,Credit Card,2021-01-11,16:57:00,16:57:00,17:01:00,0 days 00:00:00,0,1,Monday
Male,51,30,Cash,2021-01-11,16:59:00,16:59:00,17:07:00,0 days 00:00:00,0,2,Monday
Female,61,25,Cash,2021-01-11,17:01:00,17:01:00,17:08:00,0 days 00:00:00,0,1,Monday
Female,45,11,Cash,2021-01-11,17:03:00,17:03:00,17:07:00,0 days 00:00:00,0,3,Monday
Female,54,21,Credit Card,2021-01-11,17:06:00,17:07:00,17:12:00,0 days 00:01:00,1,2,Monday
Male,43,30,Debit Card,2021-01-11,17:08:00,17:08:00,17:15:00,0 days 00:00:00,0,1,Monday
Female,24,29,Cash,2021-01-11,17:11:00,17:11:00,17:17:00,0 days 00:00:00,0,3,Monday
Female,42,25,Credit Card,2021-01-11,17:14:00,17:14:00,17:19:00,0 days 00:00:00,0,2,Monday
Male,49,19,Cash,2021-01-11,17:16:00,17:16:00,17:20:00,0 days 00:00:00,0,1,Monday
Male,42,29,Debit Card,2021-01-11,17:18:00,17:18:00,17:24:00,0 days 00:00:00,0,3,Monday
Female,44,15,Debit Card,2021-01-11,17:21:00,17:21:00,17:25:00,0 days 00:00:00,0,2,Monday
Male,32,22,Credit Card,2021-01-11,17:23:00,17:23:00,17:28:00,0 days 00:00:00,0,1,Monday
Female,13,28,Credit Card,2021-01-11,17:25:00,17:25:00,17:31:00,0 days 00:00:00,0,2,Monday
Male,50,18,Debit Card,2021-01-11,17:28:00,17:28:00,17:32:00,0 days 00:00:00,0,1,Monday
Female,19,14,Debit Card,2021-01-11,17:31:00,17:31:00,17:35:00,0 days 00:00:00,0,2,Monday
Female,37,11,Credit Card,2021-01-11,17:34:00,17:34:00,17:37:00,0 days 00:00:00,0,1,Monday
Female,44,25,Cash,2021-01-11,17:36:00,17:36:00,17:42:00,0 days 00:00:00,0,2,Monday
Female,61,21,Cash,2021-01-11,17:39:00,17:39:00,17:44:00,0 days 00:00:00,0,1,Monday
Female,49,22,Cash,2021-01-11,18:02:00,18:02:00,18:07:00,0 days 00:00:00,0,1,Monday
Male,57,27,Cash,2021-01-11,18:04:00,18:04:00,18:10:00,0 days 00:00:00,0,2,Monday
Female,24,13,Cash,2021-01-11,18:06:00,18:06:00,18:10:00,0 days 00:00:00,0,3,Monday
Female,57,28,Cash,2021-01-11,18:09:00,18:09:00,18:16:00,0 days 00:00:00,0,1,Monday
Female,26,30,Debit Card,2021-01-11,18:11:00,18:11:00,18:18:00,0 days 00:00:00,0,2,Monday
Male,21,18,Cash,2021-01-11,18:14:00,18:14:00,18:18:00,0 days 00:00:00,0,3,Monday
Female,49,24,Credit Card,2021-01-11,18:17:00,18:17:00,18:22:00,0 days 00:00:00,0,1,Monday
Female,21,15,Credit Card,2021-01-11,18:19:00,18:19:00,18:23:00,0 days 00:00:00,0,2,Monday
Female,60,26,Credit Card,2021-01-11,18:21:00,18:21:00,18:27:00,0 days 00:00:00,0,3,Monday
Female,20,24,Credit Card,2021-01-11,18:24:00,18:24:00,18:29:00,0 days 00:00:00,0,1,Monday
Female,59,29,Cash,2021-01-11,18:26:00,18:26:00,18:32:00,0 days 00:00:00,0,2,Monday
Male,41,15,Credit Card,2021-01-11,18:28:00,18:28:00,18:32:00,0 days 00:00:00,0,3,Monday
Male,62,12,Cash,2021-01-11,18:30:00,18:30:00,18:34:00,0 days 00:00:00,0,1,Monday
Female,41,15,Debit Card,2021-01-11,18:33:00,18:33:00,18:37:00,0 days 00:00:00,0,2,Monday
Female,17,25,Cash,2021-01-11,18:35:00,18:35:00,18:40:00,0 days 00:00:00,0,1,Monday
Male,45,25,Cash,2021-01-11,18:38:00,18:38:00,18:44:00,0 days 00:00:00,0,2,Monday
Female,24,25,Cash,2021-01-11,19:05:00,19:05:00,19:12:00,0 days 00:00:00,0,1,Monday
Male,38,15,Credit Card,2021-01-11,19:07:00,19:07:00,19:12:00,0 days 00:00:00,0,2,Monday
Male,55,28,Credit Card,2021-01-11,19:10:00,19:10:00,19:18:00,0 days 00:00:00,0,3,Monday
Female,48,14,Debit Card,2021-01-11,19:12:00,19:12:00,19:16:00,0 days 00:00:00,0,1,Monday
Male,18,23,Credit Card,2021-01-11,19:15:00,19:15:00,19:20:00,0 days 00:00:00,0,2,Monday
Female,40,29,Credit Card,2021-01-11,19:18:00,19:18:00,19:24:00,0 days 00:00:00,0,1,Monday
Female,15,12,Cash,2021-01-11,19:20:00,19:20:00,19:24:00,0 days 00:00:00,0,2,Monday
Female,16,15,Credit Card,2021-01-11,19:23:00,19:23:00,19:27:00,0 days 00:00:00,0,3,Monday
Female,26,19,Cash,2021-01-11,19:30:00,19:30:00,19:35:00,0 days 00:00:00,0,1,Monday
Male,60,10,Cash,2021-01-12,11:18:00,11:18:00,11:21:00,0 days 00:00:00,0,1,Tuesday
Female,29,29,Cash,2021-01-12,11:18:00,11:18:00,11:25:00,0 days 00:00:00,0,2,Tuesday
Female,30,28,Credit Card,2021-01-12,11:19:00,11:19:00,11:25:00,0 days 00:00:00,0,3,Tuesday
Male,45,25,Debit Card,2021-01-12,11:19:00,11:21:00,11:28:00,0 days 00:02:00,1,1,Tuesday
Female,44,27,Credit Card,2021-01-12,11:20:00,11:25:00,11:31:00,0 days 00:05:00,1,2,Tuesday
Female,16,17,Debit Card,2021-01-12,11:20:00,11:25:00,11:30:00,0 days 00:05:00,1,3,Tuesday
Female,28,27,Cash,2021-01-12,11:21:00,11:28:00,11:34:00,0 days 00:07:00,2,1,Tuesday
Male,43,30,Cash,2021-01-12,11:21:00,11:30:00,11:38:00,0 days 00:09:00,1,3,Tuesday
Male,27,20,Credit Card,2021-01-12,11:21:00,11:31:00,11:36:00,0 days 00:10:00,2,2,Tuesday
Female,31,12,Credit Card,2021-01-12,11:22:00,11:34:00,11:37:00,0 days 00:12:00,2,1,Tuesday
Female,42,10,Cash,2021-01-12,11:26:00,11:36:00,11:39:00,0 days 00:10:00,2,2,Tuesday
Female,20,26,Credit Card,2021-01-12,11:29:00,11:37:00,11:43:00,0 days 00:08:00,2,1,Tuesday
Male,37,21,Credit Card,2021-01-12,11:30:00,11:38:00,11:43:00,0 days 00:08:00,2,3,Tuesday
Female,56,21,Cash,2021-01-12,11:32:00,11:39:00,11:44:00,0 days 00:07:00,1,2,Tuesday
Male,29,26,Credit Card,2021-01-12,11:33:00,11:43:00,11:49:00,0 days 00:10:00,1,1,Tuesday
Female,58,17,Cash,2021-01-12,11:35:00,11:43:00,11:47:00,0 days 00:08:00,2,3,Tuesday
Female,18,27,Cash,2021-01-12,11:35:00,11:44:00,11:51:00,0 days 00:09:00,3,2,Tuesday
Male,29,14,Cash,2021-01-12,11:35:00,11:47:00,11:50:00,0 days 00:12:00,3,3,Tuesday
Female,54,18,Cash,2021-01-12,11:37:00,11:49:00,11:54:00,0 days 00:12:00,3,1,Tuesday
Female,59,16,Credit Card,2021-01-12,11:40:00,11:50:00,11:54:00,0 days 00:10:00,3,3,Tuesday
Female,60,24,Cash,2021-01-12,11:40:00,11:51:00,11:55:00,0 days 00:11:00,2,2,Tuesday
Female,36,30,Debit Card,2021-01-12,11:42:00,11:54:00,12:02:00,0 days 00:12:00,3,1,Tuesday
Female,32,12,Debit Card,2021-01-12,11:44:00,11:54:00,11:57:00,0 days 00:10:00,3,3,Tuesday
Female,56,23,Credit Card,2021-01-12,11:45:00,11:55:00,12:00:00,0 days 00:10:00,2,2,Tuesday
Female,44,17,Credit Card,2021-01-12,11:46:00,11:57:00,12:02:00,0 days 00:11:00,4,3,Tuesday
Male,55,12,Cash,2021-01-12,11:46:00,12:00:00,12:03:00,0 days 00:14:00,3,2,Tuesday
Male,40,14,Cash,2021-01-12,11:47:00,12:02:00,12:07:00,0 days 00:15:00,3,1,Tuesday
Female,17,29,Credit Card,2021-01-12,11:47:00,12:02:00,12:11:00,0 days 00:15:00,5,3,Tuesday
Female,54,20,Credit Card,2021-01-12,11:49:00,12:03:00,12:08:00,0 days 00:14:00,4,2,Tuesday
Male,50,25,Credit Card,2021-01-12,11:50:00,12:07:00,12:13:00,0 days 00:17:00,3,1,Tuesday
Male,31,24,Cash,2021-01-12,11:53:00,12:08:00,12:13:00,0 days 00:15:00,3,2,Tuesday
Male,38,13,Credit Card,2021-01-12,11:53:00,12:11:00,12:15:00,0 days 00:18:00,4,3,Tuesday
Female,58,11,Cash,2021-01-12,11:56:00,12:13:00,12:16:00,0 days 00:17:00,3,1,Tuesday
Male,14,18,Credit Card,2021-01-12,11:57:00,12:13:00,12:18:00,0 days 00:16:00,4,2,Tuesday
Female,63,22,Cash,2021-01-12,12:02:00,12:15:00,12:21:00,0 days 00:13:00,3,3,Tuesday
Female,57,19,Credit Card,2021-01-12,12:05:00,12:16:00,12:21:00,0 days 00:11:00,3,1,Tuesday
Female,38,24,Cash,2021-01-12,12:05:00,12:18:00,12:24:00,0 days 00:13:00,3,2,Tuesday
Female,25,20,Credit Card,2021-01-12,12:05:00,12:21:00,12:26:00,0 days 00:16:00,4,1,Tuesday
Female,60,26,Cash,2021-01-12,12:06:00,12:21:00,12:27:00,0 days 00:15:00,3,3,Tuesday
Female,54,19,Credit Card,2021-01-12,12:06:00,12:24:00,12:29:00,0 days 00:18:00,4,2,Tuesday
Female,42,13,Credit Card,2021-01-12,12:09:00,12:26:00,12:30:00,0 days 00:17:00,4,1,Tuesday
Female,63,16,Debit Card,2021-01-12,12:09:00,12:27:00,12:31:00,0 days 00:18:00,4,3,Tuesday
Male,33,10,Cash,2021-01-12,12:10:00,12:29:00,12:32:00,0 days 00:19:00,4,2,Tuesday
Female,17,27,Cash,2021-01-12,12:11:00,12:30:00,12:37:00,0 days 00:19:00,5,1,Tuesday
Male,36,17,Debit Card,2021-01-12,12:11:00,12:31:00,12:36:00,0 days 00:20:00,5,3,Tuesday
Male,42,28,Cash,2021-01-12,12:12:00,12:32:00,12:40:00,0 days 00:20:20,5,2,Tuesday
Female,53,13,Cash,2021-01-12,12:13:00,12:36:00,12:40:00,0 days 00:23:00,5,3,Tuesday
Male,49,30,Credit Card,2021-01-12,12:13:00,12:37:00,12:45:00,0 days 00:24:00,6,1,Tuesday
Male,58,20,Debit Card,2021-01-12,12:13:00,12:40:00,12:45:00,0 days 00:26:00,6,2,Tuesday
Female,51,13,Debit Card,2021-01-12,12:15:00,12:40:00,12:44:00,0 days 00:26:00,6,3,Tuesday
Female,32,28,Cash,2021-01-12,12:17:00,12:44:00,12:52:00,0 days 00:27:00,6,3,Tuesday
Female,26,18,Cash,2021-01-12,12:18:00,12:45:00,12:50:00,0 days 00:27:00,5,1,Tuesday
Female,32,25,Credit Card,2021-01-12,12:19:00,12:45:00,12:51:00,0 days 00:26:00,5,2,Tuesday
Male,47,10,Cash,2021-01-12,12:19:00,12:50:00,12:53:00,0 days 00:31:00,6,1,Tuesday
Male,57,22,Credit Card,2021-01-12,12:20:00,12:51:00,12:56:00,0 days 00:31:00,6,2,Tuesday
Female,51,22,Debit Card,2021-01-12,12:20:00,12:52:00,12:57:00,0 days 00:32:00,7,3,Tuesday
Male,48,27,Cash,2021-01-12,12:41:00,12:53:00,13:01:00,0 days 00:12:00,3,1,Tuesday
Female,46,12,Cash,2021-01-12,12:45:00,12:56:00,12:59:00,0 days 00:11:00,3,2,Tuesday
Male,26,29,Debit Card,2021-01-12,12:45:00,12:57:00,13:05:00,0 days 00:12:00,2,3,Tuesday
Female,61,23,Debit Card,2021-01-12,12:47:00,12:59:00,13:04:00,0 days 00:12:00,3,2,Tuesday
Male,40,14,Debit Card,2021-01-12,12:47:00,13:01:00,13:06:00,0 days 00:14:00,3,1,Tuesday
Female,40,30,Credit Card,2021-01-12,12:49:00,13:04:00,13:12:00,0 days 00:15:00,4,2,Tuesday
Female,46,30,Credit Card,2021-01-12,12:50:00,13:05:00,13:13:00,0 days 00:15:00,3,3,Tuesday
Female,58,16,Cash,2021-01-12,12:51:00,13:06:00,13:11:00,0 days 00:15:00,3,1,Tuesday
Male,30,22,Cash,2021-01-12,12:52:00,13:11:00,13:16:00,0 days 00:19:00,3,1,Tuesday
Female,48,16,Credit Card,2021-01-12,12:54:00,13:12:00,13:17:00,0 days 00:18:00,4,2,Tuesday
Female,34,20,Debit Card,2021-01-12,16:01:00,16:01:00,16:06:00,0 days 00:00:00,0,1,Tuesday
Female,17,18,Cash,2021-01-12,16:05:00,16:05:00,16:09:00,0 days 00:00:00,0,2,Tuesday
Female,15,22,Cash,2021-01-12,16:05:00,16:05:00,16:10:00,0 days 00:00:00,0,3,Tuesday
Female,19,24,Credit Card,2021-01-12,16:21:00,16:21:00,16:27:00,0 days 00:00:00,0,1,Tuesday
Female,32,19,Credit Card,2021-01-12,16:23:00,16:23:00,16:28:00,0 days 00:00:00,0,2,Tuesday
Female,45,20,Cash,2021-01-12,16:23:00,16:23:00,16:28:00,0 days 00:00:00,0,3,Tuesday
Female,35,26,Credit Card,2021-01-12,16:25:00,16:27:00,16:33:00,0 days 00:02:00,1,1,Tuesday
Male,25,17,Cash,2021-01-12,16:28:00,16:28:00,16:33:00,0 days 00:00:00,0,2,Tuesday
Male,57,10,Credit Card,2021-01-12,16:29:00,16:29:00,16:32:00,0 days 00:00:00,0,3,Tuesday
Female,62,19,Cash,2021-01-12,16:30:00,16:32:00,16:37:00,0 days 00:02:00,1,3,Tuesday
Male,52,21,Credit Card,2021-01-12,16:31:00,16:33:00,16:38:00,0 days 00:02:00,1,1,Tuesday
Male,39,28,Cash,2021-01-12,16:33:00,16:33:00,16:41:00,0 days 00:00:00,0,2,Tuesday
Male,53,23,Cash,2021-01-12,16:35:00,16:37:00,16:42:00,0 days 00:02:00,1,3,Tuesday
Female,39,16,Credit Card,2021-01-12,16:38:00,16:38:00,16:42:00,0 days 00:00:00,0,1,Tuesday
Male,63,23,Cash,2021-01-12,16:45:00,16:44:00,16:49:00,0 days 00:00:00,0,1,Tuesday
Female,15,23,Credit Card,2021-01-12,16:51:00,16:51:00,16:56:00,0 days 00:00:00,0,1,Tuesday
Female,46,15,Cash,2021-01-12,16:53:00,16:53:00,16:57:00,0 days 00:00:00,0,2,Tuesday
Male,20,17,Cash,2021-01-12,16:55:00,16:55:00,16:59:00,0 days 00:00:00,0,3,Tuesday
Male,57,29,Cash,2021-01-12,16:56:00,16:56:00,17:04:00,0 days 00:00:00,0,1,Tuesday
Female,38,19,Credit Card,2021-01-12,16:56:00,16:57:00,17:02:00,0 days 00:01:00,1,2,Tuesday
Female,44,16,Cash,2021-01-12,17:04:00,17:04:00,17:09:00,0 days 00:00:00,0,1,Tuesday
Female,63,25,Debit Card,2021-01-12,17:06:00,17:06:00,17:12:00,0 days 00:00:00,0,2,Tuesday
Female,18,21,Cash,2021-01-12,17:08:00,17:08:00,17:13:00,0 days 00:00:00,0,3,Tuesday
Male,62,12,Cash,2021-01-12,17:09:00,17:09:00,17:12:00,0 days 00:00:00,0,1,Tuesday
Female,53,27,Credit Card,2021-01-12,17:11:00,17:12:00,17:20:00,0 days 00:01:00,1,1,Tuesday
Female,54,14,Cash,2021-01-12,17:11:00,17:12:00,17:17:00,0 days 00:01:00,1,2,Tuesday
Male,46,24,Credit Card,2021-01-12,17:15:00,17:15:00,17:21:00,0 days 00:00:00,0,3,Tuesday
Female,30,12,Credit Card,2021-01-12,17:15:00,17:17:00,17:20:00,0 days 00:02:00,1,2,Tuesday
Male,21,13,Credit Card,2021-01-12,17:17:00,17:20:00,17:24:00,0 days 00:03:00,1,1,Tuesday
Male,38,12,Cash,2021-01-12,17:18:00,17:20:00,17:23:00,0 days 00:02:00,1,2,Tuesday
Female,37,26,Credit Card,2021-01-12,17:19:00,17:21:00,17:28:00,0 days 00:02:00,1,3,Tuesday
Female,37,15,Debit Card,2021-01-12,17:20:00,17:23:00,17:28:00,0 days 00:03:00,2,2,Tuesday
Female,36,12,Credit Card,2021-01-12,17:21:00,17:24:00,17:27:00,0 days 00:03:00,1,1,Tuesday
Female,43,16,Debit Card,2021-01-12,17:32:00,17:32:00,17:37:00,0 days 00:00:00,0,1,Tuesday
Male,49,13,Credit Card,2021-01-12,17:35:00,17:35:00,17:38:00,0 days 00:00:00,0,2,Tuesday
Male,55,21,Debit Card,2021-01-12,17:36:00,17:36:00,17:41:00,0 days 00:00:00,0,3,Tuesday
Male,27,10,Credit Card,2021-01-12,17:38:00,17:38:00,17:40:00,0 days 00:00:00,0,1,Tuesday
Male,17,10,Credit Card,2021-01-12,17:41:00,17:41:00,17:44:00,0 days 00:00:00,0,2,Tuesday
Female,22,17,Cash,2021-01-12,17:42:00,17:42:00,17:47:00,0 days 00:00:00,0,3,Tuesday
Female,42,27,Cash,2021-01-12,17:42:00,17:42:00,17:50:00,0 days 00:00:00,0,1,Tuesday
Male,13,27,Credit Card,2021-01-12,17:44:00,17:44:00,17:51:00,0 days 00:00:00,0,2,Tuesday
Male,36,22,Debit Card,2021-01-12,17:48:00,17:48:00,17:53:00,0 days 00:00:00,0,3,Tuesday
Female,19,14,Cash,2021-01-12,17:51:00,17:51:00,17:56:00,0 days 00:00:00,0,1,Tuesday
Male,33,28,Cash,2021-01-12,17:53:00,17:53:00,18:00:00,0 days 00:00:00,0,2,Tuesday
Female,14,13,Cash,2021-01-12,17:53:00,17:53:00,17:56:00,0 days 00:00:00,0,3,Tuesday
Female,65,17,Cash,2021-01-12,17:55:00,17:56:00,18:01:00,0 days 00:01:00,1,1,Tuesday
Female,13,25,Debit Card,2021-01-12,17:57:00,17:57:00,18:03:00,0 days 00:00:00,0,3,Tuesday
Male,56,15,Cash,2021-01-12,17:58:00,18:00:00,18:05:00,0 days 00:00:00,0,2,Tuesday
Female,49,29,Credit Card,2021-01-12,18:27:00,18:27:00,18:35:00,0 days 00:00:00,0,1,Tuesday
Male,26,28,Cash,2021-01-12,18:28:00,18:28:00,18:36:00,0 days 00:00:00,0,2,Tuesday
Female,27,20,Cash,2021-01-12,18:33:00,18:33:00,18:35:00,0 days 00:00:00,0,3,Tuesday
Female,27,21,Cash,2021-01-12,18:35:00,18:35:00,18:40:00,0 days 00:00:00,0,1,Tuesday
Female,59,11,Credit Card,2021-01-12,18:36:00,18:36:00,18:39:00,0 days 00:00:00,0,2,Tuesday
Female,50,13,Cash,2021-01-12,18:38:00,18:38:00,18:41:00,0 days 00:00:00,0,3,Tuesday
Male,37,21,Debit Card,2021-01-12,18:40:00,18:40:00,18:45:00,0 days 00:00:00,0,1,Tuesday
Female,18,25,Credit Card,2021-01-12,18:41:00,18:41:00,18:46:00,0 days 00:00:00,0,2,Tuesday
Female,36,19,Debit Card,2021-01-12,18:42:00,18:42:00,18:47:00,0 days 00:00:00,0,3,Tuesday
Male,48,10,Cash,2021-01-12,18:47:00,18:47:00,18:50:00,0 days 00:00:00,0,1,Tuesday
Female,21,13,Credit Card,2021-01-12,18:48:00,18:48:00,18:51:00,0 days 00:00:00,0,2,Tuesday
Female,20,16,Cash,2021-01-12,18:49:00,18:49:00,18:53:00,0 days 00:00:00,0,3,Tuesday
Female,13,18,Debit Card,2021-01-12,18:52:00,18:52:00,18:56:00,0 days 00:00:00,0,1,Tuesday
Male,33,16,Cash,2021-01-12,18:53:00,18:53:00,18:56:00,0 days 00:00:00,0,2,Tuesday
Male,53,21,Cash,2021-01-12,18:56:00,18:56:00,19:01:00,0 days 00:00:00,0,1,Tuesday
Female,49,30,Cash,2021-01-12,18:57:00,18:57:00,19:05:00,0 days 00:00:00,0,2,Tuesday
Female,35,30,Cash,2021-01-12,19:01:00,19:01:00,19:10:00,0 days 00:00:00,0,1,Tuesday
Male,13,25,Cash,2021-02-01,11:03:00,11:03:00,11:09:00,0 days 00:00:00,0,1,Monday
Male,36,10,Debit Card,2021-02-01,11:04:00,11:04:00,11:07:00,0 days 00:00:00,0,2,Monday
Female,35,17,Cash,2021-02-01,11:04:00,11:04:00,11:08:00,0 days 00:00:00,0,3,Monday
Female,43,16,Cash,2021-02-01,11:05:00,11:07:00,11:11:00,0 days 00:02:00,1,2,Monday
Male,30,11,Cash,2021-02-01,11:07:00,11:08:00,11:12:00,0 days 00:01:00,1,3,Monday
Male,60,17,Credit Card,2021-02-01,11:07:00,11:09:00,11:13:00,0 days 00:02:00,1,1,Monday
Male,61,26,Credit Card,2021-02-01,11:08:00,11:11:00,11:18:00,0 days 00:03:00,1,2,Monday
Male,26,14,Credit Card,2021-02-01,11:12:00,11:12:00,11:16:00,0 days 00:04:00,1,3,Monday
Male,51,24,Cash,2021-02-01,11:12:00,11:13:00,11:19:00,0 days 00:01:00,1,1,Monday
Female,23,12,Credit Card,2021-02-01,11:16:00,11:16:00,11:19:00,0 days 00:00:00,0,3,Monday
Female,38,23,Credit Card,2021-02-01,11:18:00,11:18:00,11:23:00,0 days 00:01:00,1,2,Monday
Female,23,10,Debit Card,2021-02-01,11:18:00,11:19:00,11:22:00,0 days 00:01:00,1,1,Monday
Female,51,16,Cash,2021-02-01,11:18:00,11:19:00,11:23:00,0 days 00:01:00,1,3,Monday
Female,50,10,Credit Card,2021-02-01,11:19:00,11:22:00,11:25:00,0 days 00:03:00,2,1,Monday
Female,17,11,Cash,2021-02-01,11:19:00,11:23:00,11:24:00,0 days 00:05:00,1,2,Monday
Male,25,23,Cash,2021-02-01,11:20:00,11:23:00,11:28:00,0 days 00:03:00,1,3,Monday
Male,47,14,Credit Card,2021-02-01,11:20:00,11:24:00,11:28:00,0 days 00:04:00,2,2,Monday
Male,55,17,Credit Card,2021-02-01,11:21:00,11:25:00,11:29:00,0 days 00:04:00,2,1,Monday
Male,64,18,Cash,2021-02-01,11:21:00,11:28:00,11:34:00,0 days 00:07:00,2,3,Monday
Male,63,16,Debit Card,2021-02-01,11:21:00,11:28:00,11:33:00,0 days 00:07:00,3,2,Monday
Male,33,29,Cash,2021-02-01,11:22:00,11:29:00,11:35:00,0 days 00:07:00,3,1,Monday
Male,26,27,Credit Card,2021-02-01,11:26:00,11:33:00,11:39:00,0 days 00:07:00,2,2,Monday
Female,28,14,Cash,2021-02-01,11:29:00,11:34:00,11:39:00,0 days 00:05:00,1,3,Monday
Female,54,15,Cash,2021-02-01,11:30:00,11:35:00,11:40:00,0 days 00:05:00,1,1,Monday
Female,25,25,Cash,2021-02-01,11:32:00,11:39:00,11:46:00,0 days 00:07:00,2,2,Monday
Male,39,22,Cash,2021-02-01,11:33:00,11:39:00,11:45:00,0 days 00:06:00,2,3,Monday
Female,28,26,Cash,2021-02-01,11:35:00,11:40:00,11:46:00,0 days 00:05:00,2,1,Monday
Male,29,22,Cash,2021-02-01,11:35:00,11:45:00,11:50:00,0 days 00:10:00,2,3,Monday
Male,45,30,Debit Card,2021-02-01,11:35:00,11:46:00,11:52:00,0 days 00:11:00,3,1,Monday
Female,35,20,Credit Card,2021-02-01,11:37:00,11:46:00,11:50:00,0 days 00:09:00,2,2,Monday
Male,22,12,Credit Card,2021-02-01,11:40:00,11:50:00,11:54:00,0 days 00:10:00,2,2,Monday
Female,16,18,Credit Card,2021-02-01,12:02:00,12:02:00,12:06:00,0 days 00:00:00,0,1,Monday
Female,42,17,Cash,2021-02-01,12:05:00,12:05:00,12:10:00,0 days 00:00:00,0,2,Monday
Female,55,30,Debit Card,2021-02-01,12:05:00,12:05:00,12:12:00,0 days 00:00:00,0,3,Monday
Male,52,18,Debit Card,2021-02-01,12:05:00,12:06:00,12:10:00,0 days 00:01:00,1,1,Monday
Female,51,22,Cash,2021-02-01,12:06:00,12:10:00,12:15:00,0 days 00:04:00,1,2,Monday
Female,30,24,Cash,2021-02-01,12:06:00,12:12:00,12:18:00,0 days 00:06:00,1,3,Monday
Male,13,26,Credit Card,2021-02-01,12:09:00,12:10:00,12:16:00,0 days 00:01:00,1,1,Monday
Male,17,11,Cash,2021-02-01,12:09:00,12:15:00,12:20:00,0 days 00:06:00,2,2,Monday
Female,48,25,Credit Card,2021-02-01,12:10:00,12:18:00,12:24:00,0 days 00:08:00,2,3,Monday
Male,33,18,Credit Card,2021-02-01,12:11:00,12:16:00,12:20:00,0 days 00:05:00,1,1,Monday
Female,65,27,Cash,2021-02-01,12:11:00,12:20:00,12:28:00,0 days 00:09:00,2,2,Monday
Male,52,28,Credit Card,2021-02-01,12:12:00,12:24:00,12:30:00,0 days 00:12:00,3,3,Monday
Male,60,13,Cash,2021-02-01,12:13:00,12:20:00,12:24:00,0 days 00:07:00,2,1,Monday
Female,37,13,Credit Card,2021-02-01,12:13:00,12:28:00,12:32:00,0 days 00:15:00,3,2,Monday
Male,58,16,Cash,2021-02-01,12:13:00,12:30:00,12:34:00,0 days 00:17:00,3,3,Monday
Female,32,20,Credit Card,2021-02-01,12:15:00,12:24:00,12:29:00,0 days 00:09:00,3,1,Monday
Female,22,21,Debit Card,2021-02-01,12:17:00,12:32:00,12:37:00,0 days 00:15:00,3,2,Monday
Male,55,11,Credit Card,2021-02-01,12:18:00,12:34:00,12:38:00,0 days 00:16:00,4,3,Monday
Male,36,20,Credit Card,2021-02-01,12:19:00,12:29:00,12:33:00,0 days 00:10:00,3,1,Monday
Female,62,28,Cash,2021-02-01,12:19:00,12:37:00,12:43:00,0 days 00:18:00,4,2,Monday
Male,23,25,Debit Card,2021-02-01,12:20:00,12:38:00,12:43:00,0 days 00:18:00,4,3,Monday
Female,37,26,Cash,2021-02-01,12:20:00,12:33:00,12:39:00,0 days 00:13:00,4,1,Monday
Female,41,28,Credit Card,2021-02-01,12:20:00,12:43:00,12:49:00,0 days 00:23:00,5,2,Monday
Female,31,21,Credit Card,2021-02-01,12:24:00,12:43:00,12:48:00,0 days 00:19:00,5,3,Monday
Male,14,26,Debit Card,2021-02-01,12:25:00,12:39:00,12:45:00,0 days 00:14:00,3,1,Monday
Female,37,13,Debit Card,2021-02-01,12:25:00,12:48:00,12:52:00,0 days 00:23:00,5,3,Monday
Female,47,19,Credit Card,2021-02-01,12:26:00,12:49:00,12:53:00,0 days 00:23:00,5,2,Monday
Female,38,17,Cash,2021-02-01,16:01:00,16:01:00,16:06:00,0 days 00:00:00,0,1,Monday
Male,59,27,Debit Card,2021-02-01,16:05:00,16:05:00,16:11:00,0 days 00:00:00,0,2,Monday
Male,38,29,Cash,2021-02-01,16:05:00,16:05:00,16:12:00,0 days 00:00:00,0,3,Monday
Female,28,22,Cash,2021-02-01,16:21:00,16:21:00,16:26:00,0 days 00:00:00,0,1,Monday
Female,16,23,Cash,2021-02-01,16:23:00,16:23:00,16:28:00,0 days 00:00:00,0,2,Monday
Male,55,27,Cash,2021-02-01,16:23:00,16:23:00,16:29:00,0 days 00:00:00,0,3,Monday
Female,25,12,Cash,2021-02-01,16:25:00,16:26:00,16:30:00,0 days 00:01:00,1,1,Monday
Female,50,21,Cash,2021-02-01,16:28:00,16:28:00,16:33:00,0 days 00:00:00,0,2,Monday
Female,36,23,Cash,2021-02-01,16:29:00,16:29:00,16:34:00,0 days 00:00:00,0,3,Monday
Male,63,15,Credit Card,2021-02-01,16:30:00,16:30:00,16:34:00,0 days 00:00:00,0,1,Monday
Male,18,29,Credit Card,2021-02-01,16:31:00,16:33:00,16:40:00,0 days 00:02:00,1,2,Monday
Male,22,19,Credit Card,2021-02-01,16:33:00,16:34:00,16:39:00,0 days 00:01:00,1,3,Monday
Male,46,20,Cash,2021-02-01,16:35:00,16:35:00,16:40:00,0 days 00:00:00,0,1,Monday
Female,30,16,Cash,2021-02-01,16:38:00,16:39:00,16:43:00,0 days 00:01:00,1,3,Monday
Female,24,21,Credit Card,2021-02-01,16:45:00,16:45:00,16:50:00,0 days 00:00:00,0,1,Monday
Male,18,17,Debit Card,2021-02-01,16:51:00,16:51:00,16:55:00,0 days 00:00:00,0,1,Monday
Female,19,29,Credit Card,2021-02-01,16:53:00,16:53:00,17:00:00,0 days 00:00:00,0,2,Monday
Female,39,23,Debit Card,2021-02-01,16:55:00,16:55:00,17:00:00,0 days 00:00:00,0,1,Monday
Female,33,10,Credit Card,2021-02-01,16:56:00,16:56:00,17:00:00,0 days 00:00:00,0,3,Monday
Male,44,15,Debit Card,2021-02-01,16:56:00,17:00:00,17:04:00,0 days 00:04:00,1,1,Monday
Female,60,29,Debit Card,2021-02-01,17:04:00,17:04:00,17:11:00,0 days 00:00:00,0,1,Monday
Male,33,18,Credit Card,2021-02-01,17:06:00,17:06:00,17:10:00,0 days 00:00:00,0,2,Monday
Male,52,17,Cash,2021-02-01,17:08:00,17:08:00,17:12:00,0 days 00:00:00,0,3,Monday
Male,35,26,Debit Card,2021-02-01,17:09:00,17:10:00,17:16:00,0 days 00:01:00,1,2,Monday
Male,60,20,Cash,2021-02-01,17:11:00,17:11:00,17:16:00,0 days 00:00:00,0,1,Monday
Female,60,21,Cash,2021-02-01,17:11:00,17:12:00,17:17:00,0 days 00:01:00,1,3,Monday
Male,14,12,Credit Card,2021-02-01,17:15:00,17:16:00,17:19:00,0 days 00:01:00,1,1,Monday
Female,22,14,Debit Card,2021-02-01,18:17:00,18:17:00,18:20:00,0 days 00:00:00,0,1,Monday
Male,63,25,Credit Card,2021-02-01,18:18:00,18:18:00,18:23:00,0 days 00:00:00,0,2,Monday
Male,41,17,Credit Card,2021-02-01,18:22:00,18:22:00,18:26:00,0 days 00:00:00,0,3,Monday
Male,38,28,Debit Card,2021-02-01,18:22:00,18:22:00,18:30:00,0 days 00:00:00,0,1,Monday
Female,25,29,Debit Card,2021-02-01,18:25:00,18:25:00,18:31:00,0 days 00:00:00,0,2,Monday
Male,42,11,Debit Card,2021-02-01,18:27:00,18:27:00,18:31:00,0 days 00:00:00,0,3,Monday
Female,62,11,Credit Card,2021-02-01,18:28:00,18:30:00,18:34:00,0 days 00:02:00,1,1,Monday
Female,32,14,Cash,2021-02-01,18:31:00,18:31:00,18:35:00,0 days 00:00:00,0,2,Monday
Female,30,22,Credit Card,2021-02-01,18:31:00,18:31:00,18:36:00,0 days 00:00:00,0,3,Monday
Female,25,28,Credit Card,2021-02-01,18:36:00,18:36:00,18:42:00,0 days 00:00:00,0,1,Monday
Female,25,22,Cash,2021-02-01,18:38:00,18:38:00,18:43:00,0 days 00:00:00,0,2,Monday
Female,56,10,Cash,2021-02-01,18:40:00,18:40:00,18:44:00,0 days 00:00:00,0,3,Monday
Female,56,11,Credit Card,2021-02-01,18:41:00,18:42:00,18:46:00,0 days 00:01:00,1,1,Monday
Female,53,10,Cash,2021-02-01,18:42:00,18:43:00,18:47:00,0 days 00:01:00,1,2,Monday
Female,63,29,Cash,2021-02-01,18:47:00,18:47:00,18:53:00,0 days 00:00:00,0,1,Monday
Female,41,14,Credit Card,2021-02-01,18:48:00,18:48:00,18:52:00,0 days 00:00:00,0,2,Monday
Male,62,20,Cash,2021-02-01,18:49:00,18:49:00,18:54:00,0 days 00:00:00,0,3,Monday
Male,21,18,Debit Card,2021-02-01,18:52:00,18:52:00,18:56:00,0 days 00:00:00,0,2,Monday
Female,14,24,Debit Card,2021-02-01,18:53:00,18:53:00,18:58:00,0 days 00:00:00,0,1,Monday
Male,13,12,Credit Card,2021-02-01,18:56:00,18:56:00,19:00:00,0 days 00:00:00,0,2,Monday
Female,37,26,Cash,2021-02-01,18:57:00,18:57:00,19:03:00,0 days 00:00:00,0,3,Monday
Female,42,11,Debit Card,2021-02-01,19:01:00,19:01:00,19:04:00,0 days 00:00:00,0,1,Monday
Female,50,25,Cash,2021-02-01,19:01:00,19:01:00,19:05:00,0 days 00:00:00,0,2,Monday
Female,36,25,Cash,2021-02-01,19:04:00,19:04:00,19:04:00,0 days 00:00:00,0,3,Monday
Male,21,21,Cash,2021-02-01,19:07:00,19:07:00,19:12:00,0 days 00:00:00,0,1,Monday
Male,18,16,Cash,2021-02-01,19:09:00,19:09:00,19:13:00,0 days 00:00:00,0,2,Monday
Male,33,20,Credit Card,2021-02-01,19:10:00,19:10:00,19:15:00,0 days 00:00:00,0,3,Monday
Female,26,29,Cash,2021-02-01,19:12:00,19:12:00,19:18:00,0 days 00:00:00,0,1,Monday
Female,34,16,Debit Card,2021-02-01,19:13:00,19:13:00,19:18:00,0 days 00:00:00,0,2,Monday
Male,49,23,Cash,2021-02-01,19:25:00,19:25:00,19:30:00,0 days 00:00:00,0,3,Monday
Male,47,23,Credit Card,2021-02-01,19:28:00,19:28:00,19:33:00,0 days 00:00:00,0,1,Monday
Female,29,12,Debit Card,2021-02-01,19:28:00,19:28:00,19:32:00,0 days 00:00:00,0,2,Monday
Female,62,29,Cash,2021-02-01,19:31:00,19:31:00,19:37:00,0 days 00:00:00,0,3,Monday
Female,15,29,Debit Card,2021-02-01,19:34:00,19:34:00,19:40:00,0 days 00:00:00,0,1,Monday
Female,62,12,Credit Card,2021-02-01,19:41:00,19:41:00,19:45:00,0 days 00:00:00,0,2,Monday
Male,57,28,Cash,2021-02-01,19:42:00,19:42:00,19:47:00,0 days 00:00:00,0,3,Monday
Female,26,24,Credit Card,2021-02-01,19:42:00,19:42:00,19:47:00,0 days 00:00:00,0,1,Monday
Female,46,13,Cash,2021-02-01,19:42:00,19:45:00,19:49:00,0 days 00:03:00,1,2,Monday
Female,21,14,Cash,2021-02-01,19:46:00,19:47:00,19:51:00,0 days 00:01:00,1,3,Monday
Female,31,29,Debit Card,2021-02-01,19:49:00,19:49:00,19:54:00,0 days 00:00:00,0,1,Monday
Female,63,17,Cash,2021-02-01,19:50:00,19:50:00,19:54:00,0 days 00:00:00,0,2,Monday
Male,37,15,Cash,2021-02-01,19:51:00,19:51:00,19:55:00,0 days 00:00:00,0,3,Monday
Male,51,10,Cash,2021-02-01,19:54:00,19:54:00,19:58:00,0 days 00:00:00,0,1,Monday
Male,28,16,Cash,2021-02-01,19:58:00,19:58:00,20:02:00,0 days 00:00:00,0,2,Monday
Male,28,23,Cash,2021-02-01,19:58:00,19:58:00,20:04:00,0 days 00:00:00,0,3,Monday
Female,57,30,Cash,2021-02-01,20:00:00,20:00:00,20:06:00,0 days 00:00:00,0,1,Monday
Male,25,15,Debit Card,2021-02-01,20:05:00,20:05:00,20:09:00,0 days 00:00:00,0,2,Monday
Female,53,23,Debit Card,2021-02-01,20:10:00,20:10:00,20:15:00,0 days 00:00:00,0,3,Monday
Male,18,24,Cash,2021-02-01,20:11:00,20:11:00,20:17:00,0 days 00:00:00,0,1,Monday
Male,28,30,Cash,2021-02-02,11:03:00,11:03:00,11:11:00,0 days 00:00:00,0,1,Tuesday
Female,51,28,Credit Card,2021-02-02,11:04:00,11:04:00,11:11:00,0 days 00:00:00,0,2,Tuesday
Male,50,18,Debit Card,2021-02-02,11:04:00,11:04:00,11:10:00,0 days 00:00:00,0,3,Tuesday
Female,49,13,Cash,2021-02-02,11:05:00,11:10:00,11:15:00,0 days 00:05:00,1,3,Tuesday
Male,36,10,Cash,2021-02-02,11:07:00,11:11:00,11:14:00,0 days 00:04:00,1,1,Tuesday
Male,35,18,Cash,2021-02-02,11:07:00,11:11:00,11:16:00,0 days 00:04:00,1,2,Tuesday
Female,35,22,Credit Card,2021-02-02,11:08:00,11:14:00,11:20:00,0 days 00:06:00,2,1,Tuesday
Male,52,20,Debit Card,2021-02-02,11:16:00,11:16:00,11:23:00,0 days 00:00:00,0,3,Tuesday
Female,13,25,Credit Card,2021-02-02,11:16:00,11:16:00,11:22:00,0 days 00:00:00,0,2,Tuesday
Male,23,28,Cash,2021-02-02,11:17:00,11:20:00,11:27:00,0 days 00:03:00,1,1,Tuesday
Female,62,26,Credit Card,2021-02-02,11:17:00,11:22:00,11:30:00,0 days 00:05:00,1,2,Tuesday
Male,49,14,Debit Card,2021-02-02,11:18:00,11:23:00,11:28:00,0 days 00:05:00,1,3,Tuesday
Male,29,26,Debit Card,2021-02-02,11:18:00,11:27:00,11:34:00,0 days 00:09:00,2,1,Tuesday
Male,31,21,Cash,2021-02-02,11:19:00,11:28:00,11:34:00,0 days 00:09:00,2,2,Tuesday
Male,26,16,Credit Card,2021-02-02,11:19:00,11:28:00,11:34:00,0 days 00:09:00,2,3,Tuesday
Female,48,21,Debit Card,2021-02-02,11:20:00,11:34:00,11:41:00,0 days 00:14:00,3,1,Tuesday
Female,33,15,Cash,2021-02-02,11:30:00,11:34:00,11:39:00,0 days 00:04:00,2,2,Tuesday
Female,44,20,Cash,2021-02-02,11:32:00,11:34:00,11:41:00,0 days 00:02:00,1,3,Tuesday
Male,26,24,Debit Card,2021-02-02,11:33:00,11:39:00,11:45:00,0 days 00:06:00,2,2,Tuesday
Male,25,11,Credit Card,2021-02-02,11:35:00,11:41:00,11:44:00,0 days 00:06:00,1,1,Tuesday
Male,17,16,Debit Card,2021-02-02,11:35:00,11:41:00,11:46:00,0 days 00:06:00,1,3,Tuesday
Female,19,20,Debit Card,2021-02-02,11:35:00,11:44:00,11:49:00,0 days 00:09:00,2,1,Tuesday
Female,63,22,Cash,2021-02-02,11:37:00,11:45:00,11:52:00,0 days 00:08:00,2,2,Tuesday
Female,14,28,Credit Card,2021-02-02,11:40:00,11:46:00,11:53:00,0 days 00:06:00,2,3,Tuesday
Male,46,30,Debit Card,2021-02-02,11:40:00,11:49:00,11:56:00,0 days 00:09:00,3,1,Tuesday
Female,13,21,Cash,2021-02-02,11:43:00,11:52:00,11:58:00,0 days 00:09:00,2,2,Tuesday
Female,15,14,Debit Card,2021-02-02,11:44:00,11:53:00,11:57:00,0 days 00:09:00,2,3,Tuesday
Male,64,15,Credit Card,2021-02-02,11:45:00,11:56:00,12:02:00,0 days 00:11:00,2,1,Tuesday
Female,46,19,Credit Card,2021-02-02,11:46:00,11:57:00,12:02:00,0 days 00:11:00,3,3,Tuesday
Female,45,23,Cash,2021-02-02,11:46:00,11:58:00,12:05:00,0 days 00:12:00,2,2,Tuesday
Male,32,16,Cash,2021-02-02,11:47:00,12:02:00,12:08:00,0 days 00:15:00,3,1,Tuesday
Male,46,24,Cash,2021-02-02,11:47:00,12:02:00,12:09:00,0 days 00:15:00,3,3,Tuesday
Female,33,29,Debit Card,2021-02-02,11:49:00,12:05:00,12:13:00,0 days 00:16:00,3,2,Tuesday
Female,24,17,Credit Card,2021-02-02,11:50:00,12:08:00,12:12:00,0 days 00:18:00,3,1,Tuesday
Male,48,17,Credit Card,2021-02-02,11:53:00,12:09:00,12:14:00,0 days 00:16:00,4,3,Tuesday
Female,41,15,Cash,2021-02-02,11:53:00,12:13:00,12:18:00,0 days 00:20:00,3,2,Tuesday
Male,64,18,Cash,2021-02-02,12:12:00,12:12:00,12:18:00,0 days 00:00:00,0,1,Tuesday
Male,36,25,Cash,2021-02-02,12:13:00,12:14:00,12:21:00,0 days 00:01:00,1,3,Tuesday
Female,46,13,Cash,2021-02-02,12:13:00,12:18:00,12:23:00,0 days 00:05:00,1,1,Tuesday
Female,34,26,Cash,2021-02-02,12:13:00,12:18:00,12:25:00,0 days 00:05:00,2,2,Tuesday
Female,15,23,Cash,2021-02-02,12:15:00,12:21:00,12:26:00,0 days 00:06:00,1,3,Tuesday
Female,31,16,Debit Card,2021-02-02,12:17:00,12:23:00,12:28:00,0 days 00:06:00,2,1,Tuesday
Female,17,12,Cash,2021-02-02,12:18:00,12:25:00,12:29:00,0 days 00:07:00,2,2,Tuesday
Female,59,15,Cash,2021-02-02,12:19:00,12:26:00,12:32:00,0 days 00:07:00,2,3,Tuesday
Male,40,18,Debit Card,2021-02-02,12:19:00,12:28:00,12:33:00,0 days 00:09:00,2,1,Tuesday
Female,14,14,Cash,2021-02-02,12:20:00,12:29:00,12:33:00,0 days 00:09:00,2,2,Tuesday
Female,63,29,Credit Card,2021-02-02,12:20:00,12:32:00,12:41:00,0 days 00:12:00,3,3,Tuesday
Female,25,29,Cash,2021-02-02,12:20:00,12:33:00,12:40:00,0 days 00:13:00,3,2,Tuesday
Female,53,10,Credit Card,2021-02-02,12:24:00,12:33:00,12:37:00,0 days 00:13:00,2,1,Tuesday
Female,60,14,Credit Card,2021-02-02,12:25:00,12:37:00,12:41:00,0 days 00:12:00,3,1,Tuesday
Male,47,19,Debit Card,2021-02-02,12:25:00,12:40:00,12:45:00,0 days 00:15:00,3,2,Tuesday
Male,17,10,Cash,2021-02-02,12:26:00,12:41:00,12:45:00,0 days 00:15:00,3,3,Tuesday
Female,51,12,Credit Card,2021-02-02,12:40:00,12:41:00,12:45:00,0 days 00:01:00,1,1,Tuesday
Female,16,10,Cash,2021-02-02,12:41:00,12:45:00,12:48:00,0 days 00:04:00,2,3,Tuesday
Female,20,19,Cash,2021-02-02,12:45:00,12:45:00,12:50:00,0 days 00:00:00,0,2,Tuesday
Male,59,28,Credit Card,2021-02-02,12:45:00,12:45:00,12:53:00,0 days 00:00:00,0,1,Tuesday
Female,40,11,Debit Card,2021-02-02,12:47:00,12:48:00,12:51:00,0 days 00:01:00,1,3,Tuesday
Male,49,16,Credit Card,2021-02-02,12:47:00,12:50:00,12:55:00,0 days 00:03:00,1,2,Tuesday
Female,62,10,Debit Card,2021-02-02,12:49:00,12:51:00,12:54:00,0 days 00:02:00,1,3,Tuesday
Male,32,28,Cash,2021-02-02,12:50:00,12:53:00,13:00:00,0 days 00:03:00,1,1,Tuesday
Female,58,12,Credit Card,2021-02-02,12:51:00,12:55:00,12:59:00,0 days 00:04:00,1,2,Tuesday
Male,52,30,Debit Card,2021-02-02,12:52:00,12:54:00,13:01:00,0 days 00:02:00,1,3,Tuesday
Female,18,29,Credit Card,2021-02-02,12:54:00,12:59:00,13:06:00,0 days 00:05:00,2,2,Tuesday
Female,39,30,Cash,2021-02-02,12:54:00,13:00:00,13:08:00,0 days 00:06:00,1,1,Tuesday
Female,23,27,Credit Card,2021-02-02,12:56:00,13:01:00,13:08:00,0 days 00:05:00,1,3,Tuesday
Male,51,22,Debit Card,2021-02-02,16:01:00,16:01:00,16:08:00,0 days 00:00:00,0,1,Tuesday
Female,39,11,Credit Card,2021-02-02,16:05:00,16:05:00,16:09:00,0 days 00:00:00,0,2,Tuesday
Male,50,13,Cash,2021-02-02,16:05:00,16:05:00,16:10:00,0 days 00:00:00,0,3,Tuesday
Male,63,20,Debit Card,2021-02-02,16:21:00,16:21:00,16:27:00,0 days 00:00:00,0,1,Tuesday
Female,52,13,Debit Card,2021-02-02,16:23:00,16:23:00,16:28:00,0 days 00:00:00,0,2,Tuesday
Female,57,26,Cash,2021-02-02,16:23:00,16:23:00,16:31:00,0 days 00:00:00,0,3,Tuesday
Female,51,25,Credit Card,2021-02-02,16:25:00,16:27:00,16:34:00,0 days 00:02:00,1,1,Tuesday
Male,27,16,Cash,2021-02-02,16:28:00,16:28:00,16:33:00,0 days 00:00:00,0,2,Tuesday
Male,24,13,Cash,2021-02-02,16:29:00,16:31:00,16:35:00,0 days 00:02:00,1,3,Tuesday
Male,64,13,Debit Card,2021-02-02,16:30:00,16:33:00,16:38:00,0 days 00:03:00,1,2,Tuesday
Male,14,17,Debit Card,2021-02-02,16:31:00,16:34:00,16:39:00,0 days 00:03:00,1,1,Tuesday
Female,62,17,Credit Card,2021-02-02,16:33:00,16:35:00,16:41:00,0 days 00:02:00,1,3,Tuesday
Female,50,16,Cash,2021-02-02,16:35:00,16:38:00,16:44:00,0 days 00:03:00,1,2,Tuesday
Male,27,19,Cash,2021-02-02,16:38:00,16:39:00,16:44:00,0 days 00:01:00,1,1,Tuesday
Male,36,16,Credit Card,2021-02-02,16:45:00,16:45:00,16:50:00,0 days 00:00:00,0,1,Tuesday
Female,46,25,Credit Card,2021-02-02,16:51:00,16:51:00,16:59:00,0 days 00:00:00,0,1,Tuesday
Male,55,17,Cash,2021-02-02,16:53:00,16:53:00,17:00:00,0 days 00:00:00,0,2,Tuesday
Female,26,16,Cash,2021-02-02,16:55:00,16:55:00,17:00:00,0 days 00:00:00,0,3,Tuesday
Male,21,16,Debit Card,2021-02-02,16:56:00,16:59:00,17:04:00,0 days 00:04:00,1,1,Tuesday
Female,27,27,Credit Card,2021-02-02,16:56:00,17:00:00,17:08:00,0 days 00:04:00,1,2,Tuesday
Female,49,23,Cash,2021-02-02,17:04:00,17:04:00,17:11:00,0 days 00:00:00,0,3,Tuesday
Male,58,19,Cash,2021-02-02,17:06:00,17:06:00,17:12:00,0 days 00:00:00,0,1,Tuesday
Female,24,17,Credit Card,2021-02-02,17:08:00,17:08:00,17:13:00,0 days 00:00:00,0,2,Tuesday
Male,20,29,Cash,2021-02-02,17:42:00,17:42:00,17:50:00,0 days 00:00:00,0,1,Tuesday
Female,37,16,Credit Card,2021-02-02,17:42:00,17:42:00,17:47:00,0 days 00:00:00,0,2,Tuesday
Female,52,11,Credit Card,2021-02-02,17:44:00,17:44:00,17:48:00,0 days 00:00:00,0,3,Tuesday
Female,42,27,Debit Card,2021-02-02,17:48:00,17:48:00,17:55:00,0 days 00:00:00,0,2,Tuesday
Female,55,11,Debit Card,2021-02-02,17:51:00,17:51:00,17:55:00,0 days 00:00:00,0,1,Tuesday
Male,55,22,Cash,2021-02-02,17:53:00,17:53:00,18:00:00,0 days 00:00:00,0,3,Tuesday
Male,20,19,Debit Card,2021-02-02,17:53:00,17:55:00,18:00:00,0 days 00:02:00,1,1,Tuesday
Female,36,11,Cash,2021-02-02,17:55:00,17:55:00,17:59:00,0 days 00:00:00,0,2,Tuesday
Male,23,12,Debit Card,2021-02-02,17:57:00,17:59:00,18:04:00,0 days 00:02:00,1,2,Tuesday
Female,25,18,Credit Card,2021-02-02,17:58:00,18:00:00,18:05:00,0 days 00:02:00,1,1,Tuesday
Female,33,19,Credit Card,2021-02-02,18:00:00,18:00:00,18:05:00,0 days 00:00:00,0,3,Tuesday
Female,43,14,Cash,2021-02-02,18:00:00,18:04:00,18:10:00,0 days 00:04:00,1,2,Tuesday
Female,19,27,Credit Card,2021-02-02,18:02:00,18:05:00,18:12:00,0 days 00:03:00,1,1,Tuesday
Male,28,12,Cash,2021-02-02,18:03:00,18:05:00,18:10:00,0 days 00:02:00,1,3,Tuesday
Female,33,10,Cash,2021-02-02,18:09:00,18:10:00,18:14:00,0 days 00:01:00,1,2,Tuesday
Male,44,18,Cash,2021-02-02,18:15:00,18:15:00,18:21:00,0 days 00:00:00,0,1,Tuesday
Male,41,13,Debit Card,2021-02-02,18:16:00,18:16:00,18:20:00,0 days 00:00:00,0,2,Tuesday
Female,25,14,Credit Card,2021-02-02,18:49:00,18:49:00,18:53:00,0 days 00:00:00,0,1,Tuesday
Female,63,22,Cash,2021-02-02,18:52:00,18:52:00,18:59:00,0 days 00:00:00,0,2,Tuesday
Male,15,28,Cash,2021-02-02,18:53:00,18:53:00,19:00:00,0 days 00:00:00,0,3,Tuesday
Female,38,13,Cash,2021-02-02,18:56:00,18:53:00,18:53:07,0 days 00:03:00,1,1,Tuesday
Male,53,28,Cash,2021-02-02,18:57:00,18:59:00,19:07:00,0 days 00:02:00,1,2,Tuesday
Male,52,13,Debit Card,2021-02-02,19:01:00,19:01:00,19:05:00,0 days 00:00:00,0,1,Tuesday
Female,41,21,Debit Card,2021-02-03,11:03:00,11:03:00,11:08:00,0 days 00:00:00,0,1,Wednesday
Female,41,24,Cash,2021-02-03,11:04:00,11:04:00,11:10:00,0 days 00:00:00,0,2,Wednesday
Male,52,26,Cash,2021-02-03,11:04:00,11:04:00,11:10:00,0 days 00:00:00,0,3,Wednesday
Male,15,21,Credit Card,2021-02-03,11:05:00,11:08:00,11:13:00,0 days 00:03:00,1,1,Wednesday
Female,60,23,Credit Card,2021-02-03,11:07:00,11:10:00,11:15:00,0 days 00:03:00,1,2,Wednesday
Female,13,26,Credit Card,2021-02-03,11:07:00,11:10:00,11:16:00,0 days 00:03:00,1,3,Wednesday
Female,57,16,Credit Card,2021-02-03,11:08:00,11:13:00,11:17:00,0 days 00:06:00,2,1,Wednesday
Female,37,26,Cash,2021-02-03,11:16:00,11:16:00,11:22:00,0 days 00:00:00,0,2,Wednesday
Female,20,11,Cash,2021-02-03,11:16:00,11:16:00,11:19:00,0 days 00:00:00,0,3,Wednesday
Female,22,10,Cash,2021-02-03,11:17:00,11:17:00,11:19:00,0 days 00:00:00,0,1,Wednesday
Female,47,12,Cash,2021-02-03,11:17:00,11:19:00,11:22:00,0 days 00:02:00,2,1,Wednesday
Male,47,23,Credit Card,2021-02-03,11:18:00,11:19:00,11:24:00,0 days 00:01:00,1,3,Wednesday
Male,57,27,Cash,2021-02-03,11:18:00,11:22:00,11:30:00,0 days 00:04:00,2,1,Wednesday
Female,47,19,Debit Card,2021-02-03,11:19:00,11:22:00,11:27:00,0 days 00:03:00,1,2,Wednesday
Male,39,29,Cash,2021-02-03,11:19:00,11:24:00,11:32:00,0 days 00:05:00,2,3,Wednesday
Male,61,20,Cash,2021-02-03,11:20:00,11:27:00,11:32:00,0 days 00:07:00,2,2,Wednesday
Male,38,25,Cash,2021-02-03,11:20:00,11:30:00,11:36:00,0 days 00:10:00,2,1,Wednesday
Female,33,25,Credit Card,2021-02-03,11:21:00,11:32:00,11:37:00,0 days 00:11:00,3,2,Wednesday
Male,31,15,Cash,2021-02-03,11:21:00,11:32:00,11:35:00,0 days 00:11:00,2,3,Wednesday
Female,19,12,Credit Card,2021-02-03,11:21:00,11:35:00,11:38:00,0 days 00:14:00,3,3,Wednesday
Female,28,24,Cash,2021-02-03,11:22:00,11:36:00,11:42:00,0 days 00:14:00,3,1,Wednesday
Female,47,24,Cash,2021-02-03,11:26:00,11:37:00,11:42:00,0 days 00:11:00,2,2,Wednesday
Female,62,27,Cash,2021-02-03,11:29:00,11:38:00,11:45:00,0 days 00:09:00,3,3,Wednesday
Female,41,29,Credit Card,2021-02-03,11:30:00,11:42:00,11:50:00,0 days 00:12:00,3,1,Wednesday
Female,36,17,Cash,2021-02-03,11:32:00,11:42:00,11:47:00,0 days 00:10:00,3,2,Wednesday
Female,15,11,Credit Card,2021-02-03,11:33:00,11:45:00,11:48:00,0 days 00:12:00,3,3,Wednesday
Male,53,10,Debit Card,2021-02-03,11:35:00,11:47:00,11:49:00,0 days 00:12:00,3,2,Wednesday
Female,61,10,Cash,2021-02-03,12:28:00,12:28:00,12:31:00,0 days 00:00:00,0,1,Wednesday
Female,30,28,Cash,2021-02-03,12:29:00,12:29:00,12:36:00,0 days 00:00:00,0,2,Wednesday
Female,50,24,Credit Card,2021-02-03,12:30:00,12:30:00,12:35:00,0 days 00:00:00,0,3,Wednesday
Male,41,29,Credit Card,2021-02-03,12:31:00,12:31:00,12:39:00,0 days 00:00:00,0,1,Wednesday
Female,22,27,Credit Card,2021-02-03,12:31:00,12:35:00,12:42:00,0 days 00:05:00,1,3,Wednesday
Female,64,14,Debit Card,2021-02-03,12:32:00,12:36:00,12:40:00,0 days 00:04:00,1,2,Wednesday
Female,45,21,Cash,2021-02-03,12:34:00,12:39:00,12:44:00,0 days 00:05:00,1,1,Wednesday
Female,28,24,Cash,2021-02-03,12:36:00,12:40:00,12:45:00,0 days 00:04:00,2,2,Wednesday
Female,29,20,Cash,2021-02-03,12:36:00,12:42:00,12:47:00,0 days 00:06:00,1,3,Wednesday
Female,53,18,Cash,2021-02-03,12:39:00,12:44:00,12:49:00,0 days 00:05:00,2,1,Wednesday
Male,48,24,Credit Card,2021-02-03,12:40:00,12:45:00,12:50:00,0 days 00:05:00,2,2,Wednesday
Male,14,22,Cash,2021-02-03,12:40:00,12:47:00,12:52:00,0 days 00:07:00,2,3,Wednesday
Female,56,16,Cash,2021-02-03,12:40:00,12:49:00,12:53:00,0 days 00:09:00,2,1,Wednesday
Female,65,23,Cash,2021-02-03,12:41:00,12:50:00,12:56:00,0 days 00:09:00,2,2,Wednesday
Female,60,19,Cash,2021-02-03,12:45:00,12:52:00,12:57:00,0 days 00:07:00,2,3,Wednesday
Male,44,24,Debit Card,2021-02-03,12:45:00,12:53:00,12:58:00,0 days 00:08:00,2,1,Wednesday
Female,16,10,Credit Card,2021-02-03,12:47:00,12:56:00,12:59:00,0 days 00:09:00,2,2,Wednesday
Male,53,23,Credit Card,2021-02-03,12:47:00,12:57:00,13:02:00,0 days 00:10:00,3,3,Wednesday
Female,24,23,Cash,2021-02-03,12:49:00,12:58:00,13:03:00,0 days 00:09:00,3,1,Wednesday
Male,52,27,Debit Card,2021-02-03,12:50:00,12:59:00,13:05:00,0 days 00:09:00,3,2,Wednesday
Female,26,28,Debit Card,2021-02-03,12:51:00,13:02:00,13:10:00,0 days 00:11:00,3,3,Wednesday
Female,13,29,Cash,2021-02-03,12:52:00,13:03:00,13:11:00,0 days 00:09:00,3,1,Wednesday
Female,64,27,Cash,2021-02-03,12:54:00,13:05:00,13:12:00,0 days 00:11:00,3,2,Wednesday
Female,36,16,Credit Card,2021-02-03,12:54:00,13:10:00,13:16:00,0 days 00:16:00,3,3,Wednesday
Male,50,11,Cash,2021-02-03,12:56:00,13:11:00,13:15:00,0 days 00:15:00,3,1,Wednesday
Female,34,24,Cash,2021-02-03,16:01:00,16:01:00,16:06:00,0 days 00:00:00,0,1,Wednesday
Female,16,20,Debit Card,2021-02-03,16:05:00,16:05:00,16:10:00,0 days 00:00:00,0,2,Wednesday
Male,50,16,Credit Card,2021-02-03,16:05:00,16:05:00,16:09:00,0 days 00:00:00,0,3,Wednesday
Female,61,15,Cash,2021-02-03,16:21:00,16:21:00,16:25:00,0 days 00:00:00,0,1,Wednesday
Male,47,19,Cash,2021-02-03,16:23:00,16:23:00,16:28:00,0 days 00:00:00,0,2,Wednesday
Male,60,12,Credit Card,2021-02-03,16:23:00,16:23:00,16:26:00,0 days 00:00:00,0,3,Wednesday
Female,61,14,Debit Card,2021-02-03,16:25:00,16:25:00,16:29:00,0 days 00:00:00,0,1,Wednesday
Female,32,15,Cash,2021-02-03,16:28:00,16:28:00,16:32:00,0 days 00:00:00,0,2,Wednesday
Female,35,10,Credit Card,2021-02-03,16:29:00,16:29:00,16:31:00,0 days 00:00:00,0,1,Wednesday
Female,27,18,Debit Card,2021-02-03,16:30:00,16:30:00,16:34:00,0 days 00:00:00,0,3,Wednesday
Male,33,13,Debit Card,2021-02-03,16:31:00,16:31:00,16:34:00,0 days 00:00:00,0,1,Wednesday
Female,59,29,Credit Card,2021-02-03,16:33:00,16:33:00,16:41:00,0 days 00:00:00,0,2,Wednesday
Male,16,20,Cash,2021-02-03,16:35:00,16:35:00,16:40:00,0 days 00:00:00,0,1,Wednesday
Female,25,20,Cash,2021-02-03,16:38:00,16:38:00,16:43:00,0 days 00:00:00,0,3,Wednesday
Male,49,23,Cash,2021-02-03,16:45:00,16:45:00,16:50:00,0 days 00:00:00,0,1,Wednesday
Female,22,19,Cash,2021-02-03,16:51:00,16:51:00,16:56:00,0 days 00:00:00,0,1,Wednesday
Female,54,10,Debit Card,2021-02-03,17:20:00,17:20:00,17:23:00,0 days 00:00:00,0,1,Wednesday
Female,17,27,Cash,2021-02-03,17:21:00,17:21:00,17:29:00,0 days 00:00:00,0,2,Wednesday
Female,29,17,Debit Card,2021-02-03,17:32:00,17:32:00,17:36:00,0 days 00:00:00,0,1,Wednesday
Female,18,27,Cash,2021-02-03,17:35:00,17:35:00,17:42:00,0 days 00:00:00,0,2,Wednesday
Female,29,29,Credit Card,2021-02-03,17:36:00,17:36:00,17:44:00,0 days 00:00:00,0,1,Wednesday
Female,46,26,Cash,2021-02-03,17:38:00,17:38:00,17:44:00,0 days 00:00:00,0,3,Wednesday
Female,39,19,Debit Card,2021-02-03,17:41:00,17:42:00,17:47:00,0 days 00:01:00,1,2,Wednesday
Male,24,30,Cash,2021-02-03,17:42:00,17:44:00,17:52:00,0 days 00:02:00,1,1,Wednesday
Female,54,17,Credit Card,2021-02-03,17:42:00,17:44:00,17:49:00,0 days 00:02:00,1,3,Wednesday
Male,55,20,Cash,2021-02-03,17:44:00,17:47:00,19:52:00,0 days 00:03:00,1,2,Wednesday
Female,20,28,Credit Card,2021-02-03,17:48:00,17:49:00,17:55:00,0 days 00:01:00,1,3,Wednesday
Male,41,21,Cash,2021-02-03,17:51:00,17:52:00,17:57:00,0 days 00:01:00,1,1,Wednesday
Female,32,28,Debit Card,2021-02-03,17:53:00,17:53:00,18:00:00,0 days 00:00:00,0,2,Wednesday
Female,26,18,Credit Card,2021-02-03,17:53:00,17:55:00,17:59:00,0 days 00:02:00,1,3,Wednesday
Female,32,25,Credit Card,2021-02-03,17:55:00,17:57:00,18:03:00,0 days 00:02:00,1,1,Wednesday
Male,16,27,Debit Card,2021-02-03,17:57:00,17:59:00,18:06:00,0 days 00:02:00,1,3,Wednesday
Female,19,20,Cash,2021-02-03,18:22:00,18:22:00,18:27:00,0 days 00:00:00,0,1,Wednesday
Female,13,24,Credit Card,2021-02-03,18:25:00,18:25:00,18:31:00,0 days 00:00:00,0,2,Wednesday
Male,51,14,Credit Card,2021-02-03,18:27:00,18:27:00,18:30:00,0 days 00:00:00,0,1,Wednesday
Female,23,21,Credit Card,2021-02-03,18:28:00,18:28:00,18:28:00,0 days 00:00:00,0,3,Wednesday
Female,36,10,Cash,2021-02-03,18:33:00,18:33:00,18:35:00,0 days 00:00:00,0,1,Wednesday
Male,38,25,Debit Card,2021-02-03,18:35:00,18:35:00,18:41:00,0 days 00:00:00,0,1,Wednesday
Female,28,11,Cash,2021-02-03,18:36:00,18:36:00,18:39:00,0 days 00:00:00,0,2,Wednesday
Female,32,12,Cash,2021-02-03,18:38:00,18:38:00,18:42:00,0 days 00:00:00,0,3,Wednesday
Female,65,21,Credit Card,2021-02-03,18:40:00,18:40:00,18:45:00,0 days 00:00:00,0,2,Wednesday
Female,50,20,Cash,2021-02-03,18:41:00,18:41:00,18:46:00,0 days 00:00:00,0,1,Wednesday
Male,22,27,Credit Card,2021-02-03,18:42:00,18:42:00,18:50:00,0 days 00:00:00,0,3,Wednesday
Male,32,26,Credit Card,2021-02-03,18:47:00,18:47:00,18:53:00,0 days 00:00:00,0,1,Wednesday
Male,15,10,Cash,2021-02-03,18:48:00,18:48:00,18:50:00,0 days 00:00:00,0,2,Wednesday
Female,36,14,Credit Card,2021-02-03,18:49:00,18:50:00,18:53:00,0 days 00:01:00,1,2,Wednesday
Female,36,18,Cash,2021-02-03,18:52:00,18:52:00,18:56:00,0 days 00:00:00,0,3,Wednesday
Male,27,12,Cash,2021-02-03,19:12:00,19:12:00,19:15:00,0 days 00:00:00,0,1,Wednesday
Female,38,22,Cash,2021-02-03,19:13:00,19:13:00,19:18:00,0 days 00:00:00,0,2,Wednesday
Female,23,29,Cash,2021-02-03,19:25:00,19:25:00,19:33:00,0 days 00:00:00,0,1,Wednesday
Male,59,21,Debit Card,2021-02-03,19:28:00,19:28:00,19:33:00,0 days 00:00:00,0,2,Wednesday
Male,39,26,Cash,2021-02-03,19:28:00,19:28:00,19:34:00,0 days 00:00:00,0,3,Wednesday
Female,52,21,Cash,2021-02-03,19:31:00,19:33:00,19:38:00,0 days 00:02:00,1,1,Wednesday
Male,44,21,Credit Card,2021-02-03,19:34:00,19:34:00,19:39:00,0 days 00:00:00,0,2,Wednesday
Female,18,21,Cash,2021-02-03,19:41:00,19:41:00,19:46:00,0 days 00:00:00,0,1,Wednesday
Female,27,14,Cash,2021-02-03,19:42:00,19:42:00,19:45:00,0 days 00:00:00,0,2,Wednesday
Male,42,19,Cash,2021-02-03,19:42:00,19:42:00,19:47:00,0 days 00:00:00,0,3,Wednesday
Female,35,11,Credit Card,2021-02-03,19:42:00,19:45:00,19:48:00,0 days 00:03:00,1,2,Wednesday
Female,43,24,Cash,2021-02-03,19:46:00,19:47:00,19:52:00,0 days 00:00:00,0,1,Wednesday
Male,55,16,Debit Card,2021-02-03,19:49:00,19:49:00,19:52:00,0 days 00:00:00,0,2,Wednesday
Female,21,18,Cash,2021-02-04,11:33:00,11:33:00,11:38:00,0 days 00:00:00,0,1,Thursday
Male,35,12,Credit Card,2021-02-04,11:35:00,11:35:00,11:38:00,0 days 00:00:00,0,2,Thursday
Female,41,11,Debit Card,2021-02-04,11:35:00,11:35:00,11:38:00,0 days 00:00:00,0,3,Thursday
Female,43,28,Credit Card,2021-02-04,11:35:00,11:38:00,11:44:00,0 days 00:03:00,1,1,Thursday
Female,42,18,Cash,2021-02-04,11:37:00,11:38:00,11:42:00,0 days 00:01:00,1,2,Thursday
Female,26,25,Cash,2021-02-04,11:38:00,11:38:00,11:43:00,0 days 00:00:00,0,3,Thursday
Male,50,30,Cash,2021-02-04,11:40:00,11:42:00,11:48:00,0 days 00:02:00,1,2,Thursday
Female,53,25,Credit Card,2021-02-04,11:43:00,11:43:00,11:49:00,0 days 00:00:00,0,3,Thursday
Female,31,15,Debit Card,2021-02-04,11:44:00,11:44:00,11:48:00,0 days 00:00:00,0,1,Thursday
Male,27,23,Debit Card,2021-02-04,11:45:00,11:48:00,11:53:00,0 days 00:03:00,1,1,Thursday
Male,51,14,Debit Card,2021-02-04,11:46:00,11:48:00,11:52:00,0 days 00:02:00,1,2,Thursday
Male,26,16,Credit Card,2021-02-04,11:46:00,11:49:00,11:52:00,0 days 00:03:00,1,3,Thursday
Male,26,16,Cash,2021-02-04,11:47:00,11:52:00,11:56:00,0 days 00:05:00,2,2,Thursday
Female,31,24,Credit Card,2021-02-04,11:47:00,11:52:00,11:57:00,0 days 00:05:00,2,3,Thursday
Female,24,18,Cash,2021-02-04,11:49:00,11:53:00,11:57:00,0 days 00:04:00,1,1,Thursday
Male,13,21,Credit Card,2021-02-04,11:50:00,11:56:00,12:01:00,0 days 00:06:00,2,2,Thursday
Female,47,26,Cash,2021-02-04,11:53:00,11:57:00,12:02:00,0 days 00:04:00,2,1,Thursday
Male,21,18,Cash,2021-02-04,11:53:00,11:57:00,12:01:00,0 days 00:04:00,1,3,Thursday
Male,15,30,Credit Card,2021-02-04,11:56:00,12:01:00,12:07:00,0 days 00:05:00,2,2,Thursday
Male,44,24,Credit Card,2021-02-04,11:57:00,12:01:00,12:06:00,0 days 00:04:00,2,3,Thursday
Female,32,10,Cash,2021-02-04,12:02:00,12:02:00,12:06:00,0 days 00:00:00,0,1,Thursday
Female,31,14,Debit Card,2021-02-04,12:05:00,12:06:00,12:09:00,0 days 00:01:00,1,1,Thursday
Female,32,11,Credit Card,2021-02-04,12:05:00,12:06:00,12:10:00,0 days 00:01:00,1,3,Thursday
Female,61,18,Cash,2021-02-04,12:05:00,12:07:00,12:11:00,0 days 00:02:00,1,2,Thursday
Male,50,23,Cash,2021-02-04,12:06:00,12:09:00,12:14:00,0 days 00:03:00,2,1,Thursday
Male,64,24,Cash,2021-02-04,12:06:00,12:10:00,12:16:00,0 days 00:04:00,2,3,Thursday
Male,45,29,Cash,2021-02-04,12:09:00,12:11:00,12:17:00,0 days 00:03:00,1,2,Thursday
Female,49,21,Cash,2021-02-04,12:09:00,12:14:00,12:18:00,0 days 00:05:00,2,1,Thursday
Female,61,20,Cash,2021-02-04,12:10:00,12:16:00,12:20:00,0 days 00:06:00,2,3,Thursday
Female,56,24,Credit Card,2021-02-04,12:11:00,12:17:00,12:22:00,0 days 00:06:00,2,2,Thursday
Male,61,27,Cash,2021-02-04,12:11:00,12:18:00,12:24:00,0 days 00:07:00,2,1,Thursday
Female,49,15,Credit Card,2021-02-04,12:12:00,12:20:00,12:24:00,0 days 00:08:00,2,3,Thursday
Female,38,12,Credit Card,2021-02-04,12:13:00,12:22:00,12:26:00,0 days 00:09:00,2,2,Thursday
Female,16,21,Credit Card,2021-02-04,12:13:00,12:24:00,12:28:00,0 days 00:11:00,3,1,Thursday
Male,45,16,Credit Card,2021-02-04,12:24:00,12:24:00,12:28:00,0 days 00:00:00,0,3,Thursday
Male,65,11,Debit Card,2021-02-04,12:26:00,12:26:00,12:30:00,0 days 00:00:00,0,2,Thursday
Male,49,19,Cash,2021-02-04,12:28:00,12:28:00,12:32:00,0 days 00:00:00,0,1,Thursday
Male,53,11,Credit Card,2021-02-04,12:28:00,12:28:00,12:32:00,0 days 00:00:00,0,3,Thursday
Female,29,18,Cash,2021-02-04,12:30:00,12:30:00,12:34:00,0 days 00:00:00,0,2,Thursday
Male,60,11,Cash,2021-02-04,12:32:00,12:32:00,12:35:00,0 days 00:00:00,0,1,Thursday
Male,39,30,Cash,2021-02-04,12:32:00,12:32:00,12:39:00,0 days 00:00:00,0,3,Thursday
Female,64,24,Credit Card,2021-02-04,12:34:00,12:34:00,12:40:00,0 days 00:00:00,0,2,Thursday
Female,18,28,Cash,2021-02-04,12:35:00,12:35:00,12:39:00,0 days 00:00:00,0,1,Thursday
Male,48,19,Cash,2021-02-04,12:39:00,12:39:00,12:43:00,0 days 00:00:00,0,3,Thursday
Male,18,15,Cash,2021-02-04,12:40:00,12:40:00,12:43:00,0 days 00:00:00,0,2,Thursday
Male,43,29,Debit Card,2021-02-04,12:39:00,12:39:00,12:45:00,0 days 00:00:00,0,1,Thursday
Female,59,12,Debit Card,2021-02-04,12:43:00,12:43:00,12:46:00,0 days 00:00:00,0,3,Thursday
Male,36,26,Credit Card,2021-02-04,12:43:00,12:43:00,12:49:00,0 days 00:00:00,0,2,Thursday
Female,24,17,Cash,2021-02-04,12:47:00,12:47:00,12:51:00,0 days 00:00:00,0,1,Thursday
Female,19,30,Cash,2021-02-04,12:49:00,12:49:00,12:54:00,0 days 00:00:00,0,2,Thursday
Male,45,29,Cash,2021-02-04,12:50:00,12:50:00,12:56:00,0 days 00:00:00,0,3,Thursday
Female,46,24,Credit Card,2021-02-04,12:51:00,12:51:00,12:56:00,0 days 00:00:00,0,1,Thursday
Female,29,17,Cash,2021-02-04,12:52:00,12:54:00,12:58:00,0 days 00:02:00,1,2,Thursday
Male,38,19,Cash,2021-02-04,12:54:00,12:56:00,13:00:00,0 days 00:02:00,1,3,Thursday
Female,58,11,Debit Card,2021-02-04,12:54:00,12:56:00,12:59:00,0 days 00:02:00,1,1,Thursday
Male,42,12,Cash,2021-02-04,12:56:00,12:58:00,13:02:00,0 days 00:02:00,1,2,Thursday
Female,45,18,Debit Card,2021-02-04,16:04:00,16:04:00,16:08:00,0 days 00:00:00,0,1,Thursday
Male,40,28,Cash,2021-02-04,16:06:00,16:06:00,16:12:00,0 days 00:00:00,0,2,Thursday
Male,44,15,Cash,2021-02-04,16:08:00,16:08:00,16:12:00,0 days 00:00:00,0,3,Thursday
Female,53,18,Cash,2021-02-04,16:09:00,16:09:00,16:13:00,0 days 00:00:00,0,1,Thursday
Male,13,24,Cash,2021-02-04,16:11:00,16:12:00,16:17:00,0 days 00:01:00,1,2,Thursday
Female,37,22,Cash,2021-02-04,16:11:00,16:12:00,16:17:00,0 days 00:01:00,1,3,Thursday
Male,58,30,Credit Card,2021-02-04,16:13:00,16:13:00,16:20:00,0 days 00:00:00,0,1,Thursday
Male,21,22,Debit Card,2021-02-04,16:15:00,16:17:00,16:23:00,0 days 00:02:00,1,2,Thursday
Female,47,26,Debit Card,2021-02-04,16:17:00,16:17:00,16:23:00,0 days 00:00:00,0,3,Thursday
Female,42,29,Credit Card,2021-02-04,16:18:00,16:20:00,16:26:00,0 days 00:02:00,1,1,Thursday
Female,40,23,Cash,2021-02-04,16:19:00,16:23:00,16:29:00,0 days 00:04:00,1,2,Thursday
Male,23,23,Credit Card,2021-02-04,16:20:00,16:23:00,16:29:00,0 days 00:03:00,1,3,Thursday
Female,57,29,Credit Card,2021-02-04,16:21:00,16:26:00,16:32:00,0 days 00:05:00,1,1,Thursday
Female,39,14,Cash,2021-02-04,16:29:00,16:29:00,16:34:00,0 days 00:00:00,0,2,Thursday
Female,65,13,Cash,2021-02-04,16:35:00,16:35:00,16:39:00,0 days 00:00:00,0,1,Thursday
Male,27,17,Credit Card,2021-02-04,16:35:00,16:35:00,16:39:00,0 days 00:00:00,0,2,Thursday
Male,18,13,Cash,2021-02-04,16:38:00,16:38:00,16:41:00,0 days 00:00:00,0,3,Thursday
Female,31,19,Cash,2021-02-04,16:45:00,16:45:00,16:49:00,0 days 00:00:00,0,1,Thursday
Female,62,17,Cash,2021-02-04,16:51:00,16:51:00,16:55:00,0 days 00:00:00,0,2,Thursday
Female,47,14,Cash,2021-02-04,16:53:00,16:53:00,16:57:00,0 days 00:00:00,0,3,Thursday
Female,56,13,Debit Card,2021-02-04,16:55:00,16:55:00,16:59:00,0 days 00:00:00,0,1,Thursday
Male,60,24,Cash,2021-02-04,16:56:00,16:56:00,17:03:00,0 days 00:00:00,0,2,Thursday
Male,14,12,Cash,2021-02-04,16:56:00,16:57:00,17:00:00,0 days 00:01:00,1,3,Thursday
Female,30,17,Cash,2021-02-04,17:04:00,17:04:00,17:08:00,0 days 00:00:00,0,1,Thursday
Female,33,27,Cash,2021-02-04,17:06:00,17:06:00,17:12:00,0 days 00:00:00,0,2,Thursday
Female,16,27,Credit Card,2021-02-04,17:08:00,17:08:00,17:13:00,0 days 00:00:00,0,3,Thursday
Female,13,21,Cash,2021-02-04,17:09:00,17:09:00,17:14:00,0 days 00:00:00,0,1,Thursday
Female,20,13,Credit Card,2021-02-04,17:11:00,17:12:00,17:15:00,0 days 00:01:00,1,2,Thursday
Male,48,28,Cash,2021-02-04,17:11:00,17:13:00,17:20:00,0 days 00:02:00,1,3,Thursday
Male,36,15,Cash,2021-02-04,17:14:00,17:14:00,17:19:00,0 days 00:00:00,0,1,Thursday
Male,34,27,Cash,2021-02-04,17:15:00,17:15:00,17:21:00,0 days 00:00:00,0,2,Thursday
Female,45,24,Debit Card,2021-02-04,17:17:00,17:19:00,17:24:00,0 days 00:02:00,1,1,Thursday
Male,44,23,Debit Card,2021-02-04,17:18:00,17:20:00,17:25:00,0 days 00:02:00,1,3,Thursday
Female,48,27,Cash,2021-02-04,17:19:00,17:21:00,17:27:00,0 days 00:02:00,1,2,Thursday
Male,52,21,Cash,2021-02-04,17:20:00,17:24:00,17:29:00,0 days 00:04:00,1,1,Thursday
Male,21,14,Credit Card,2021-02-04,17:21:00,17:25:00,17:29:00,0 days 00:04:00,1,3,Thursday
Female,50,25,Debit Card,2021-02-04,17:32:00,17:32:00,17:38:00,0 days 00:00:00,0,1,Thursday
Male,45,26,Debit Card,2021-02-04,17:35:00,17:35:00,17:41:00,0 days 00:00:00,0,2,Thursday
Female,31,21,Cash,2021-02-04,17:36:00,17:36:00,17:41:00,0 days 00:00:00,0,3,Thursday
Male,53,14,Debit Card,2021-02-04,17:38:00,17:38:00,17:42:00,0 days 00:00:00,0,1,Thursday
Female,60,23,Cash,2021-02-04,17:41:00,17:41:00,17:47:00,0 days 00:00:00,0,2,Thursday
Male,46,20,Cash,2021-02-04,17:42:00,17:42:00,17:46:00,0 days 00:00:00,0,1,Thursday
Female,61,26,Cash,2021-02-04,17:42:00,17:42:00,17:49:00,0 days 00:00:00,0,3,Thursday
Male,53,23,Debit Card,2021-02-04,17:44:00,17:44:00,17:49:00,0 days 00:00:00,0,2,Thursday
Female,25,28,Cash,2021-02-04,19:01:00,19:01:00,19:08:00,0 days 00:00:00,0,1,Thursday
Male,19,19,Cash,2021-02-04,19:04:00,19:04:00,19:10:00,0 days 00:00:00,0,2,Thursday
Male,51,29,Debit Card,2021-02-04,19:07:00,19:07:00,19:13:00,0 days 00:00:00,0,3,Thursday
Female,37,28,Debit Card,2021-02-04,19:09:00,19:09:00,19:15:00,0 days 00:00:00,0,1,Thursday
Male,21,18,Debit Card,2021-02-04,19:10:00,19:10:00,19:14:00,0 days 00:00:00,0,2,Thursday
Female,60,15,Credit Card,2021-02-04,19:12:00,19:13:00,19:17:00,0 days 00:01:00,1,3,Thursday
Female,29,29,Debit Card,2021-02-04,19:13:00,19:14:00,19:20:00,0 days 00:01:00,1,2,Thursday
Female,50,27,Cash,2021-02-04,19:25:00,19:25:00,19:31:00,0 days 00:00:00,0,1,Thursday
Female,51,22,Cash,2021-02-04,19:28:00,19:28:00,19:34:00,0 days 00:00:00,0,2,Thursday
Female,42,23,Credit Card,2021-02-04,19:28:00,19:28:00,19:34:00,0 days 00:00:00,0,3,Thursday
Female,37,19,Cash,2021-02-04,19:31:00,19:34:00,19:39:00,0 days 00:03:00,1,2,Thursday
Female,23,17,Cash,2021-02-05,12:02:00,12:02:00,12:07:00,0 days 00:00:00,0,1,Friday
Male,26,17,Cash,2021-02-05,12:05:00,12:05:00,12:10:00,0 days 00:00:00,0,2,Friday
Male,62,26,Cash,2021-02-05,12:05:00,12:05:00,12:12:00,0 days 00:00:00,0,3,Friday
Male,58,22,Debit Card,2021-02-05,12:05:00,12:07:00,12:12:00,0 days 00:02:00,1,1,Friday
Male,16,21,Debit Card,2021-02-05,12:06:00,12:10:00,12:14:00,0 days 00:04:00,1,2,Friday
Male,29,28,Debit Card,2021-02-05,12:06:00,12:12:00,12:18:00,0 days 00:06:00,1,3,Friday
Female,29,11,Credit Card,2021-02-05,12:09:00,12:12:00,12:15:00,0 days 00:03:00,1,1,Friday
Female,22,27,Credit Card,2021-02-05,12:09:00,12:14:00,12:20:00,0 days 00:05:00,2,2,Friday
Male,44,30,Cash,2021-02-05,12:10:00,12:18:00,12:24:00,0 days 00:08:00,2,3,Friday
Female,24,30,Credit Card,2021-02-05,12:11:00,12:15:00,12:21:00,0 days 00:06:00,2,1,Friday
Female,42,28,Debit Card,2021-02-05,12:11:00,12:20:00,12:26:00,0 days 00:09:00,2,2,Friday
Female,21,29,Cash,2021-02-05,12:12:00,12:24:00,12:30:00,0 days 00:12:00,3,3,Friday
Female,29,18,Credit Card,2021-02-05,12:13:00,12:21:00,12:25:00,0 days 00:08:00,2,1,Friday
Female,30,30,Cash,2021-02-05,12:13:00,12:26:00,12:32:00,0 days 00:13:00,3,2,Friday
Male,65,13,Cash,2021-02-05,12:13:00,12:30:00,12:34:00,0 days 00:17:00,3,3,Friday
Male,22,12,Debit Card,2021-02-05,12:15:00,12:25:00,12:29:00,0 days 00:10:00,3,1,Friday
Female,33,29,Credit Card,2021-02-05,12:17:00,12:32:00,12:38:00,0 days 00:15:00,3,2,Friday
Female,47,12,Credit Card,2021-02-05,12:18:00,12:34:00,12:38:00,0 days 00:16:00,4,3,Friday
Male,46,29,Credit Card,2021-02-05,12:19:00,12:29:00,12:35:00,0 days 00:10:00,3,1,Friday
Male,25,27,Cash,2021-02-05,12:19:00,12:38:00,12:43:00,0 days 00:19:00,4,2,Friday
Female,42,19,Credit Card,2021-02-05,12:20:00,12:38:00,12:42:00,0 days 00:18:00,4,3,Friday
Female,59,15,Cash,2021-02-05,12:20:00,12:35:00,12:39:00,0 days 00:15:00,4,1,Friday
Female,55,13,Debit Card,2021-02-05,12:20:00,12:42:00,12:45:00,0 days 00:22:00,5,3,Friday
Male,21,18,Cash,2021-02-05,12:24:00,12:43:00,12:47:00,0 days 00:19:00,4,2,Friday
Female,35,25,Cash,2021-02-05,12:25:00,12:39:00,12:45:00,0 days 00:14:00,4,1,Friday
Male,22,16,Cash,2021-02-05,12:25:00,12:45:00,12:49:00,0 days 00:20:00,5,3,Friday
Female,19,16,Cash,2021-02-05,12:26:00,12:47:00,12:51:00,0 days 00:21:00,5,2,Friday
Female,39,15,Cash,2021-02-05,12:26:00,12:45:00,12:49:00,0 days 00:19:00,4,1,Friday
Male,56,23,Cash,2021-02-05,12:26:00,12:49:00,12:54:00,0 days 00:23:00,6,3,Friday
Male,14,28,Cash,2021-02-05,12:27:00,12:51:00,12:57:00,0 days 00:24:00,5,2,Friday
Male,42,22,Cash,2021-02-05,12:28:00,12:49:00,12:54:00,0 days 00:21:00,5,1,Friday
Male,47,17,Credit Card,2021-02-05,12:29:00,12:54:00,12:59:00,0 days 00:25:00,7,3,Friday
Female,61,17,Credit Card,2021-02-05,12:30:00,12:57:00,13:02:00,0 days 00:27:00,6,2,Friday
Female,26,20,Cash,2021-02-05,12:47:00,12:54:00,12:59:00,0 days 00:17:00,2,1,Friday
Female,38,19,Credit Card,2021-02-05,12:47:00,12:59:00,13:03:00,0 days 00:12:00,3,3,Friday
Female,56,21,Debit Card,2021-02-05,12:49:00,13:02:00,13:07:00,0 days 00:13:00,3,2,Friday
Female,59,11,Credit Card,2021-02-05,12:50:00,12:59:00,13:03:00,0 days 00:09:00,2,1,Friday
Female,16,24,Credit Card,2021-02-05,12:51:00,13:03:00,13:09:00,0 days 00:12:00,3,3,Friday
Male,38,14,Credit Card,2021-02-05,12:52:00,13:07:00,13:11:00,0 days 00:15:00,3,2,Friday
Male,65,13,Debit Card,2021-02-05,12:54:00,13:03:00,13:09:00,0 days 00:09:00,3,1,Friday
Male,43,20,Credit Card,2021-02-05,12:54:00,13:09:00,13:14:00,0 days 00:15:00,4,3,Friday
Female,27,12,Cash,2021-02-05,12:56:00,13:11:00,13:15:00,0 days 00:15:00,4,2,Friday
Male,20,13,Cash,2021-02-05,16:01:00,16:01:00,16:04:00,0 days 00:00:00,0,1,Friday
Female,26,23,Credit Card,2021-02-05,16:05:00,16:05:00,16:10:00,0 days 00:00:00,0,1,Friday
Female,45,12,Credit Card,2021-02-05,16:05:00,16:05:00,16:08:00,0 days 00:00:00,0,2,Friday
Female,56,30,Cash,2021-02-05,16:21:00,16:21:00,16:29:00,0 days 00:00:00,0,1,Friday
Female,15,26,Debit Card,2021-02-05,16:23:00,16:23:00,16:30:00,0 days 00:00:00,0,2,Friday
Female,28,27,Credit Card,2021-02-05,16:33:00,16:33:00,16:40:00,0 days 00:00:00,0,1,Friday
Male,48,17,Debit Card,2021-02-05,16:35:00,16:35:00,16:39:00,0 days 00:00:00,0,2,Friday
Female,60,18,Credit Card,2021-02-05,16:38:00,16:38:00,16:42:00,0 days 00:00:00,0,3,Friday
Female,28,12,Credit Card,2021-02-05,16:45:00,16:45:00,16:48:00,0 days 00:00:00,0,1,Friday
Female,16,10,Debit Card,2021-02-05,16:51:00,16:51:00,16:54:00,0 days 00:00:00,0,1,Friday
Male,63,30,Cash,2021-02-05,16:53:00,16:53:00,17:01:00,0 days 00:00:00,0,2,Friday
Male,32,24,Cash,2021-02-05,16:55:00,16:55:00,17:01:00,0 days 00:00:00,0,1,Friday
Male,52,10,Cash,2021-02-05,16:56:00,16:56:00,16:59:00,0 days 00:00:00,0,3,Friday
Male,45,19,Credit Card,2021-02-05,16:56:00,17:01:00,17:04:00,0 days 00:03:00,1,3,Friday
Female,18,16,Credit Card,2021-02-05,17:04:00,17:04:00,17:08:00,0 days 00:00:00,0,1,Friday
Female,56,22,Debit Card,2021-02-05,17:06:00,17:06:00,17:11:00,0 days 00:00:00,0,2,Friday
Female,43,23,Debit Card,2021-02-05,17:08:00,17:08:00,17:23:00,0 days 00:00:00,0,1,Friday
Male,25,14,Debit Card,2021-02-05,17:09:00,17:09:00,17:12:00,0 days 00:00:00,0,3,Friday
Male,25,30,Credit Card,2021-02-05,17:11:00,17:11:00,17:15:00,0 days 00:00:00,0,2,Friday
Male,21,13,Credit Card,2021-02-05,17:11:00,17:12:00,17:15:00,0 days 00:01:00,1,3,Friday
Female,50,21,Credit Card,2021-02-05,17:15:00,17:15:00,17:20:00,0 days 00:00:00,0,2,Friday
Female,38,17,Credit Card,2021-02-05,17:15:00,17:15:00,17:19:00,0 days 00:00:00,0,3,Friday
Female,16,16,Credit Card,2021-02-05,17:35:00,17:35:00,17:39:00,0 days 00:00:00,0,1,Friday
Female,21,14,Cash,2021-02-05,17:36:00,17:36:00,17:39:00,0 days 00:00:00,0,2,Friday
Female,41,17,Cash,2021-02-05,17:38:00,17:38:00,17:43:00,0 days 00:00:00,0,3,Friday
Male,23,17,Credit Card,2021-02-05,17:41:00,17:41:00,17:45:00,0 days 00:00:00,0,1,Friday
Male,19,16,Debit Card,2021-02-05,17:42:00,17:42:00,17:46:00,0 days 00:00:00,0,2,Friday
Male,16,14,Cash,2021-02-05,17:42:00,17:43:00,17:47:00,0 days 00:01:00,1,3,Friday
Female,56,25,Cash,2021-02-05,17:44:00,17:45:00,17:51:00,0 days 00:01:00,1,1,Friday
Male,35,12,Cash,2021-02-05,17:48:00,17:48:00,17:51:00,0 days 00:00:00,0,2,Friday
Male,28,29,Credit Card,2021-02-05,17:51:00,17:51:00,17:59:00,0 days 00:00:00,0,1,Friday
Male,50,28,Credit Card,2021-02-05,17:53:00,17:53:00,18:00:00,0 days 00:00:00,0,2,Friday
Male,24,10,Cash,2021-02-05,17:53:00,17:53:00,17:56:00,0 days 00:00:00,0,3,Friday
Male,24,19,Cash,2021-02-05,17:55:00,17:56:00,18:01:00,0 days 00:01:00,1,3,Friday
Female,26,23,Cash,2021-02-05,17:57:00,17:59:00,18:04:00,0 days 00:02:00,1,1,Friday
Female,34,16,Cash,2021-02-05,17:58:00,18:00:00,18:04:00,0 days 00:02:00,1,2,Friday
Female,13,19,Debit Card,2021-02-05,18:00:00,18:01:00,18:06:00,0 days 00:01:00,1,3,Friday
Female,29,13,Credit Card,2021-02-05,18:00:00,18:04:00,18:07:00,0 days 00:04:00,1,1,Friday
Female,43,12,Cash,2021-02-05,18:22:00,18:22:00,18:25:00,0 days 00:00:00,0,1,Friday
Female,37,21,Credit Card,2021-02-05,18:25:00,18:25:00,18:30:00,0 days 00:00:00,0,1,Friday
Female,46,22,Debit Card,2021-02-05,18:27:00,18:27:00,18:32:00,0 days 00:00:00,0,2,Friday
Female,15,13,Cash,2021-02-05,18:28:00,18:28:00,18:31:00,0 days 00:00:00,0,3,Friday
Female,61,13,Cash,2021-02-05,18:33:00,18:33:00,18:36:00,0 days 00:00:00,0,1,Friday
Male,14,22,Cash,2021-02-05,18:35:00,18:35:00,18:40:00,0 days 00:00:00,0,2,Friday
Male,55,12,Cash,2021-02-05,18:36:00,18:36:00,18:39:00,0 days 00:00:00,0,1,Friday
Male,49,17,Credit Card,2021-02-05,18:38:00,18:38:00,18:42:00,0 days 00:00:00,0,3,Friday
Male,48,30,Credit Card,2021-02-05,18:40:00,18:40:00,18:48:00,0 days 00:00:00,0,1,Friday
Female,43,28,Credit Card,2021-02-05,18:41:00,18:41:00,18:49:00,0 days 00:00:00,0,2,Friday
Male,20,28,Cash,2021-02-05,18:42:00,18:42:00,18:50:00,0 days 00:00:00,0,3,Friday
Female,55,27,Cash,2021-02-05,18:47:00,18:48:00,18:56:00,0 days 00:01:00,1,1,Friday
Female,64,26,Credit Card,2021-02-05,18:48:00,18:49:00,18:55:00,0 days 00:01:00,1,2,Friday
Male,31,21,Credit Card,2021-02-05,18:49:00,18:50:00,18:55:00,0 days 00:01:00,1,3,Friday
Female,65,26,Debit Card,2021-02-05,18:52:00,18:55:00,19:01:00,0 days 00:03:00,1,2,Friday
Female,39,23,Credit Card,2021-02-05,18:53:00,18:55:00,19:00:00,0 days 00:02:00,1,3,Friday
Male,58,13,Credit Card,2021-02-05,18:56:00,18:56:00,18:59:00,0 days 00:00:00,0,1,Friday
Female,14,10,Cash,2021-02-05,18:57:00,18:59:00,19:04:00,0 days 00:02:00,1,1,Friday
Female,64,16,Credit Card,2021-02-05,19:01:00,19:01:00,19:05:00,0 days 00:00:00,0,2,Friday
Male,16,21,Cash,2021-02-05,19:01:00,19:01:00,19:06:00,0 days 00:00:00,0,3,Friday
Male,25,26,Credit Card,2021-02-05,19:04:00,19:04:00,19:10:00,0 days 00:00:00,0,1,Friday
Female,47,23,Credit Card,2021-02-05,19:07:00,19:07:00,19:12:00,0 days 00:00:00,0,2,Friday
Female,50,20,Cash,2021-02-05,19:09:00,19:09:00,19:14:00,0 days 00:00:00,0,3,Friday
Female,51,23,Cash,2021-02-05,19:10:00,19:10:00,19:16:00,0 days 00:00:00,0,1,Friday
Female,58,24,Cash,2021-02-05,19:12:00,19:12:00,19:18:00,0 days 00:00:00,0,2,Friday
Female,36,10,Cash,2021-02-05,19:13:00,19:14:00,19:16:00,0 days 00:01:00,1,3,Friday
